TestCase,MaxChangeProneness,AvgChangeProneness,MinChangeProneness,SumChangeProneness
com.google.gson.JsonPrimitiveTest.testEqualsIntegerAndBigInteger,,,,0
com.google.gson.stream.JsonReaderTest.testStrictNonExecutePrefixWithSkipValue,,,,0
com.google.gson.stream.JsonReaderTest.testLenientNonExecutePrefix,,,,0
com.google.gson.functional.EscapingTest.testGsonDoubleDeserialization,,,,0
com.google.gson.ObjectTypeAdapterTest.testSerialize,,,,0
com.google.gson.MixedStreamTest.testReadInvalidState,,,,0
com.google.gson.functional.InheritanceTest.testBaseSerializedAsSubWhenSpecifiedWithExplicitType,,,,0
com.google.gson.functional.CustomTypeAdaptersTest.testEnsureCustomSerializerNotInvokedForNullValues,,,,0
com.google.gson.functional.CollectionTest.testUserCollectionTypeAdapter,,,,0
com.google.gson.functional.PrettyPrintingTest.testPrettyPrintArrayOfPrimitiveArrays,,,,0
com.google.gson.functional.ParameterizedTypesTest.testParameterizedTypesSerialization,,,,0
com.google.gson.stream.JsonReaderTest.testBomIgnoredAsFirstCharacterOfDocument,,,,0
com.google.gson.functional.DefaultTypeAdaptersTest.testDefaultJavaSqlDateSerialization,,,,0
com.google.gson.functional.ReadersWritersTest.testReadWriteTwoStrings,,,,0
com.google.gson.stream.JsonReaderTest.testEmptyStringName,,,,0
com.google.gson.stream.JsonReaderTest.testLenientSemicolonDelimitedNameValuePair,,,,0
com.google.gson.GenericArrayTypeTest.testOurTypeFunctionality,,,,0
com.google.gson.functional.ReadersWritersTest.testReaderForDeserialization,,,,0
com.google.gson.functional.TypeVariableTest.testAdvancedTypeVariables,,,,0
com.google.gson.functional.MapTest.testInterfaceTypeMapWithSerializer,,,,0
com.google.gson.ObjectTypeAdapterTest.testDeserializeNullValue,,,,0
com.google.gson.functional.MapTest.testConcurrentNavigableMap,,,,0
com.google.gson.stream.JsonReaderTest.testPeekingUnquotedStringsPrefixedWithIntegers,,,,0
com.google.gson.internal.LinkedHashTreeMapTest.testAvlWalker,,,,0
com.google.gson.stream.JsonWriterTest.testTopLevelValueTypes,,,,0
com.google.gson.functional.ObjectTest.testNestedDeserialization,,,,0
com.google.gson.functional.ObjectTest.testArrayOfArraysSerialization,,,,0
com.google.gson.JsonPrimitiveTest.testShortEqualsLong,,,,0
com.google.gson.functional.JsonAdapterAnnotationOnClassesTest.testRegisteredDeserializerOverridesJsonAdapter,,,,0
com.google.gson.GsonTypeAdapterTest.testTypeAdapterThrowsException,,,,0
com.google.gson.functional.TypeAdapterPrecedenceTest.testStreamingHierarchicalFollowedByNonstreaming,,,,0
com.google.gson.functional.ReadersWritersTest.testReadWriteTwoObjects,,,,0
com.google.gson.internal.LinkedHashTreeMapTest.testAvlBuilder,,,,0
com.google.gson.stream.JsonReaderTest.testStrictNameValueSeparator,,,,0
com.google.gson.stream.JsonReaderTest.testBomForbiddenAsOtherCharacterInDocument,,,,0
com.google.gson.stream.JsonReaderTest.testLenientNonFiniteDoubles,,,,0
com.google.gson.functional.DefaultTypeAdaptersTest.testDefaultJavaSqlTimestampDeserialization,,,,0
com.google.gson.functional.NamingPolicyTest.testGsonWithSerializedNameFieldNamingPolicyDeserialization,,,,0
com.google.gson.internal.LinkedHashTreeMapTest.testDoubleCapacityAllNodesOnLeft,,,,0
com.google.gson.functional.DefaultTypeAdaptersTest.testUuidSerialization,,,,0
com.google.gson.DefaultDateTypeAdapterTest.testFormattingInEnUs,,,,0
com.google.gson.functional.DefaultTypeAdaptersTest.testBigDecimalFieldSerialization,,,,0
com.google.gson.functional.TypeAdapterPrecedenceTest.testSerializeNonstreamingTypeAdapterFollowedByStreamingTypeAdapter,,,,0
com.google.gson.reflect.TypeTokenTest.testIsAssignableFromWithTypeParameters,,,,0
com.google.gson.functional.NullObjectAndFieldTest.testPrintPrintingArraysWithNulls,,,,0
com.google.gson.internal.bind.JsonTreeWriterTest.testSerializeNullsFalse,,,,0
com.google.gson.functional.NamingPolicyTest.testGsonWithLowerCaseDashPolicyDeserialiation,,,,0
com.google.gson.functional.PrimitiveTest.testReallyLongValuesDeserialization,,,,0
com.google.gson.functional.PrimitiveTest.testDeserializingBigIntegerAsBigDecimal,,,,0
com.google.gson.functional.CollectionTest.testWildcardCollectionField,,,,0
com.google.gson.JsonObjectTest.testEqualsOnEmptyObject,,,,0
com.google.gson.functional.PrimitiveTest.testBigDecimalNegativeInfinityDeserializationNotSupported,,,,0
com.google.gson.functional.CollectionTest.testTopLevelListOfIntegerCollectionsDeserialization,,,,0
com.google.gson.InnerClassExclusionStrategyTest.testIncludeStaticNestedClassField,,,,0
com.google.gson.functional.JsonAdapterAnnotationOnClassesTest.testNullSafeObjectFromJson,,,,0
com.google.gson.functional.StringTest.testStringValueSerialization,,,,0
com.google.gson.functional.PrimitiveTest.testDeserializingBigDecimalAsBigIntegerFails,,,,0
com.google.gson.functional.ObjectTest.testPrimitiveArrayInAnObjectDeserialization,,,,0
com.google.gson.stream.JsonWriterTest.testDeepNestingObjects,,,,0
com.google.gson.functional.PrimitiveTest.testStringsAsBooleans,,,,0
com.google.gson.internal.LinkedHashTreeMapTest.testForceDoublingAndRehash,,,,0
com.google.gson.stream.JsonReaderPathTest.testSkipNestedStructures,,,,0
com.google.gson.functional.ObjectTest.testArrayOfObjectsDeserialization,,,,0
com.google.gson.functional.CustomTypeAdaptersTest.testCustomAdapterInvokedForMapElementDeserialization,,,,0
com.google.gson.functional.PrimitiveTest.testBigDecimalAsStringRepresentationDeserialization,,,,0
com.google.gson.functional.CustomTypeAdaptersTest.testCustomByteArrayDeserializerAndInstanceCreator,,,,0
com.google.gson.functional.PrimitiveTest.testDoubleNoFractAsStringRepresentationDeserialization,,,,0
com.google.gson.functional.JsonAdapterAnnotationOnFieldsTest.testJsonAdapterWrappedInNullSafeAsRequested,,,,0
com.google.gson.functional.NullObjectAndFieldTest.testExplicitSerializationOfNulls,,,,0
com.google.gson.functional.ConcurrencyTest.testMultiThreadDeserialization,,,,0
com.google.gson.JsonParserTest.testParseString,,,,0
com.google.gson.functional.DefaultTypeAdaptersTest.testJsonNullDeserialization,,,,0
com.google.gson.functional.CustomTypeAdaptersTest.testCustomByteArraySerializer,,,,0
com.google.gson.functional.EnumTest.testEnumSubclassAsParameterizedType,,,,0
com.google.gson.functional.PrimitiveTest.testFloatInfinitySerialization,,,,0
com.google.gson.functional.JsonArrayTest.testStringPrimitiveAddition,,,,0
com.google.gson.JsonParserTest.testParseEmptyString,,,,0
com.google.gson.stream.JsonWriterTest.testDeepNestingArrays,,,,0
com.google.gson.functional.DefaultTypeAdaptersTest.testUrlNullSerialization,,,,0
com.google.gson.functional.ParameterizedTypesTest.testVariableTypeFieldsAndGenericArraysSerialization,,,,0
com.google.gson.JsonObjectTest.testAddingNullPropertyValue,,,,0
com.google.gson.stream.JsonWriterTest.testPrettyPrintArray,,,,0
com.google.gson.functional.ParameterizedTypesTest.testParameterizedTypeWithReaderDeserialization,,,,0
com.google.gson.internal.bind.JsonElementReaderTest.testEmptyObject,,,,0
com.google.gson.functional.CustomDeserializerTest.testCustomDeserializerReturnsNullForTopLevelObject,,,,0
com.google.gson.stream.JsonReaderTest.testLongLargerThanMaxLongThatWrapsAround,,,,0
com.google.gson.functional.StringTest.testEscapedCtrlRInStringDeserialization,,,,0
com.google.gson.functional.DefaultTypeAdaptersTest.testJsonObjectDeserialization,,,,0
com.google.gson.functional.ObjectTest.testNullFieldsSerialization,,,,0
com.google.gson.functional.CustomTypeAdaptersTest.testCustomAdapterInvokedForMapElementSerialization,,,,0
com.google.gson.stream.JsonReaderTest.testFailWithPosition,,,,0
com.google.gson.VersionExclusionStrategyTest.testClassAndFieldAreAtSameVersion,,,,0
com.google.gson.functional.PrimitiveTest.testUnquotedStringDeserializationFails,,,,0
com.google.gson.DefaultDateTypeAdapterTest.testInvalidDatePattern,,,,0
com.google.gson.functional.ArrayTest.testMultidimenstionalArraysDeserialization,,,,0
com.google.gson.internal.bind.JsonElementReaderTest.testBooleans,,,,0
com.google.gson.functional.PrimitiveTest.testDeserializeJsonObjectAsLongPrimitive,,,,0
com.google.gson.GsonBuilderTest.testTransientFieldExclusion,,,,0
com.google.gson.stream.JsonWriterTest.testJsonValue,,,,0
com.google.gson.functional.JsonParserTest.testExtraCommasInMaps,,,,0
com.google.gson.functional.PrimitiveTest.testLongAsStringSerialization,,,,0
com.google.gson.functional.PrimitiveTest.testBigIntegerInASingleElementArraySerialization,,,,0
com.google.gson.stream.JsonReaderTest.testStrictVeryLongNumber,,,,0
com.google.gson.functional.ParameterizedTypesTest.testDeepParameterizedTypeSerialization,,,,0
com.google.gson.functional.DefaultTypeAdaptersTest.testUrlNullDeserialization,,,,0
com.google.gson.stream.JsonReaderTest.testSkipTopLevelObject,,,,0
com.google.gson.functional.MapTest.testBooleanKeyDeserialization,,,,0
com.google.gson.stream.JsonWriterTest.testPrettyPrintObject,,,,0
com.google.gson.DefaultMapJsonSerializerTest.testNonEmptyMapSerialization,,,,0
com.google.gson.functional.ArrayTest.testTopLevelArrayOfIntsSerialization,,,,0
com.google.gson.internal.bind.JsonElementReaderTest.testEmptyArray,,,,0
com.google.gson.stream.JsonReaderTest.testBooleans,,,,0
com.google.gson.functional.PrimitiveTest.testDeserializeJsonArrayAsByteWrapper,,,,0
com.google.gson.stream.JsonWriterTest.testClosedWriterThrowsOnFlush,,,,0
com.google.gson.functional.CircularReferenceTest.testDirectedAcyclicGraphDeserialization,,,,0
com.google.gson.stream.JsonReaderTest.testStringEndingInSlash,,,,0
com.google.gson.JsonPrimitiveTest.testValidJsonOnToString,,,,0
com.google.gson.functional.DefaultTypeAdaptersTest.testClassSerialization,,,,0
com.google.gson.functional.DefaultTypeAdaptersTest.testDefaultJavaSqlTimeSerialization,,,,0
com.google.gson.functional.JavaUtilTest.testProperties,,,,0
com.google.gson.functional.NullObjectAndFieldTest.testExplicitSerializationOfNullStringMembers,,,,0
com.google.gson.functional.PrimitiveTest.testBigDecimalSerialization,,,,0
com.google.gson.functional.EnumTest.testEnumSubclassWithRegisteredTypeAdapter,,,,0
com.google.gson.functional.PrimitiveTest.testFloatInfinitySerializationNotSupportedByDefault,,,,0
com.google.gson.internal.bind.JsonTreeWriterTest.testStrictNansAndInfinities,,,,0
com.google.gson.functional.TypeVariableTest.testTypeVariablesViaTypeParameter,,,,0
com.google.gson.functional.ObjectTest.testClassWithTransientFieldsDeserializationTransientFieldsPassedInJsonAreIgnored,,,,0
com.google.gson.functional.RawSerializationTest.testTwoLevelParameterizedObject,,,,0
com.google.gson.stream.JsonReaderTest.testPeekLongMinValue,,,,0
com.google.gson.functional.CustomTypeAdaptersTest.testCustomAdapterInvokedForCollectionElementSerialization,,,,0
com.google.gson.functional.ExclusionStrategyFunctionalTest.testExcludeTopLevelClassSerialization,,,,0
com.google.gson.stream.JsonReaderTest.testUnescapingTruncatedCharacters,,,,0
com.google.gson.functional.ArrayTest.testMixingTypesInObjectArraySerialization,,,,0
com.google.gson.functional.InheritanceTest.testBaseSerializedAsSubForToJsonMethod,,,,0
com.google.gson.functional.CustomDeserializerTest.testDefaultConstructorNotCalledOnObject,,,,0
com.google.gson.JsonPrimitiveTest.testParsingStringAsNumber,,,,0
com.google.gson.functional.InstanceCreatorTest.testInstanceCreatorReturnsSubTypeForTopLevelObject,,,,0
com.google.gson.VersionExclusionStrategyTest.testClassAndFieldAreAheadInVersion,,,,0
com.google.gson.functional.JsonTreeTest.testJsonTreeNull,,,,0
com.google.gson.functional.MapTest.testComplexKeysSerialization,,,,0
com.google.gson.functional.DefaultTypeAdaptersTest.testJsonArraySerialization,,,,0
com.google.gson.functional.StreamingTypeAdaptersTest.testDeserializeNullObject,,,,0
com.google.gson.internal.LinkedTreeMapTest.testContainsNonComparableKeyReturnsFalse,,,,0
com.google.gson.functional.PrimitiveTest.testMoreSpecificSerialization,,,,0
com.google.gson.JsonPrimitiveTest.testDeepCopy,,,,0
com.google.gson.stream.JsonReaderTest.testStrictNonFiniteDoublesWithSkipValue,,,,0
com.google.gson.functional.ObjectTest.testObjectFieldNamesWithoutQuotesDeserialization,,,,0
com.google.gson.functional.PrimitiveTest.testDeserializePrimitiveWrapperAsObjectField,,,,0
com.google.gson.stream.JsonReaderTest.testFailWithPositionOverSlashSlashEndOfLineComment,,,,0
com.google.gson.functional.InheritanceTest.testBaseSerializedAsBaseWhenSpecifiedWithExplicitType,,,,0
com.google.gson.functional.PrimitiveCharacterTest.testPrimitiveCharacterAutoboxedDeserialization,,,,0
com.google.gson.functional.ArrayTest.testEmptyArrayDeserialization,,,,0
com.google.gson.stream.JsonWriterTest.testUnicodeLineBreaksEscaped,,,,0
com.google.gson.functional.ObjectTest.testDateAsMapObjectField,,,,0
com.google.gson.functional.StreamingTypeAdaptersTest.testNullSafe,,,,0
com.google.gson.GsonBuilderTest.testExcludeFieldsWithModifiers,,,,0
com.google.gson.stream.JsonWriterTest.testEmptyArray,,,,0
com.google.gson.functional.ArrayTest.testSingleNullInArrayDeserialization,,,,0
com.google.gson.functional.ExclusionStrategyFunctionalTest.testExclusionStrategySerialization,,,,0
com.google.gson.functional.JsonAdapterAnnotationOnClassesTest.testSuperclassTypeAdapterNotInvoked,,,,0
com.google.gson.internal.LinkedHashTreeMapTest.testPutNullKeyFails,,,,0
com.google.gson.internal.LinkedTreeMapTest.testEqualsAndHashCode,,,,0
com.google.gson.functional.MapTest.testSerializeMapOfMaps,,,,0
com.google.gson.functional.DefaultTypeAdaptersTest.testLocaleSerializationWithLanguage,,,,0
com.google.gson.functional.PrimitiveTest.testSmallValueForBigIntegerSerialization,,,,0
com.google.gson.functional.FieldNamingTest.testLowerCaseWithUnderscores,,,,0
com.google.gson.functional.PrimitiveTest.testDoubleNaNDeserialization,,,,0
com.google.gson.functional.MapTest.testStringKeyDeserialization,,,,0
com.google.gson.functional.NullObjectAndFieldTest.testExplicitSerializationOfNullCollectionMembers,,,,0
com.google.gson.JsonPrimitiveTest.testShortEqualsInteger,,,,0
com.google.gson.functional.InheritanceTest.testSubInterfacesOfCollectionDeserialization,,,,0
com.google.gson.JsonPrimitiveTest.testParsingStringAsBoolean,,,,0
com.google.gson.functional.ArrayTest.testArrayOfStringsSerialization,,,,0
com.google.gson.functional.PrimitiveTest.testBigDecimalInfinityDeserializationNotSupported,,,,0
com.google.gson.FieldAttributesTest.testDeclaringClass,,,,0
com.google.gson.functional.NullObjectAndFieldTest.testCustomTypeAdapterPassesNullSerialization,,,,0
com.google.gson.functional.MapAsArrayTypeAdapterTest.testMapWithTypeVariableSerialization,,,,0
com.google.gson.functional.SecurityTest.testJsonWithNonExectuableTokenWithRegularGsonDeserialization,,,,0
com.google.gson.MixedStreamTest.testWriteClosed,,,,0
com.google.gson.functional.DefaultTypeAdaptersTest.testJsonPrimitiveSerialization,,,,0
com.google.gson.MixedStreamTest.testReadNulls,,,,0
com.google.gson.JsonParserTest.testParseMixedArray,,,,0
com.google.gson.functional.StringTest.testJavascriptKeywordsInStringDeserialization,,,,0
com.google.gson.internal.bind.JsonTreeWriterTest.testLenientNansAndInfinities,,,,0
com.google.gson.functional.JavaUtilConcurrentAtomicTest.testAtomicLong,,,,0
com.google.gson.functional.DefaultTypeAdaptersTest.testDateSerializationWithPattern,,,,0
com.google.gson.JsonArrayTest.testSet,,,,0
com.google.gson.functional.DefaultTypeAdaptersTest.testBitSetSerialization,,,,0
com.google.gson.stream.JsonReaderTest.testDoubles,,,,0
com.google.gson.functional.EscapingTest.testEscapingObjectFields,,,,0
com.google.gson.stream.JsonReaderTest.testUnterminatedObject,,,,0
com.google.gson.JsonObjectTest.testAddingAndRemovingObjectProperties,,,,0
com.google.gson.functional.InterfaceTest.testSerializingInterfaceObjectField,,,,0
com.google.gson.functional.PrimitiveTest.testPrimitiveClassLiteral,,,,0
com.google.gson.GsonTypeAdapterTest.testTypeAdapterDoesNotAffectNonAdaptedTypes,,,,0
com.google.gson.functional.ExclusionStrategyFunctionalTest.testExcludeTopLevelClassDeserialization,,,,0
com.google.gson.stream.JsonReaderTest.testStrictUnquotedStringsWithSkipValue,,,,0
com.google.gson.functional.PrimitiveTest.testPrimitiveDoubleAutoboxedSerialization,,,,0
com.google.gson.functional.ObjectTest.testNullObjectFieldsDeserialization,,,,0
com.google.gson.functional.FieldNamingTest.testUpperCamelCaseWithSpaces,,,,0
com.google.gson.functional.SerializedNameTest.testMultipleNamesInTheSameString,,,,0
com.google.gson.JsonPrimitiveTest.testExponential,,,,0
com.google.gson.functional.DelegateTypeAdapterTest.testDelegateInvoked,,,,0
com.google.gson.stream.JsonWriterTest.testBooleans,,,,0
com.google.gson.functional.CollectionTest.testStack,,,,0
com.google.gson.functional.CollectionTest.testNullsInListDeserialization,,,,0
com.google.gson.functional.PrimitiveTest.testFloatNaNSerialization,,,,0
com.google.gson.JavaSerializationTest.testListIsSerializable,,,,0
com.google.gson.stream.JsonReaderTest.testStringWithLeadingSlash,,,,0
com.google.gson.functional.CollectionTest.testCollectionOfObjectWithNullSerialization,,,,0
com.google.gson.stream.JsonReaderTest.testSkipTopLevelQuotedString,,,,0
com.google.gson.functional.ParameterizedTypesTest.testTypesWithMultipleParametersDeserialization,,,,0
com.google.gson.functional.ObjectTest.testStringFieldWithNumberValueDeserialization,,,,0
com.google.gson.functional.PrettyPrintingTest.testPrettyPrintArrayOfObjects,,,,0
com.google.gson.functional.DefaultTypeAdaptersTest.testDefaultJavaSqlDateDeserialization,,,,0
com.google.gson.stream.JsonReaderTest.testLenientComments,,,,0
com.google.gson.functional.DefaultTypeAdaptersTest.testJsonNullSerialization,,,,0
com.google.gson.functional.PrimitiveTest.testNegativeInfinitySerializationNotSupportedByDefault,,,,0
com.google.gson.stream.JsonReaderTest.testLenientNonExecutePrefixWithLeadingWhitespace,,,,0
com.google.gson.functional.CircularReferenceTest.testDirectedAcyclicGraphSerialization,,,,0
com.google.gson.stream.JsonReaderTest.testLenientMultipleTopLevelValues,,,,0
com.google.gson.stream.JsonWriterTest.testValueWithoutName,,,,0
com.google.gson.functional.ObjectTest.testNestedSerialization,,,,0
com.google.gson.functional.PrimitiveTest.testDeserializingBigIntegerAsLong,,,,0
com.google.gson.functional.PrimitiveTest.testPrimitiveLongAutoboxedSerialization,,,,0
com.google.gson.reflect.TypeTokenTest.testIsAssignableFromRawTypes,,,,0
com.google.gson.functional.CollectionTest.testSetDeserialization,,,,0
com.google.gson.functional.TypeAdapterPrecedenceTest.testStreamingFollowedByStreaming,,,,0
com.google.gson.functional.DefaultTypeAdaptersTest.testJsonPrimitiveDeserialization,,,,0
com.google.gson.InnerClassExclusionStrategyTest.testIncludeStaticNestedClassObject,,,,0
com.google.gson.functional.PrimitiveTest.testDeserializeJsonArrayAsBigDecimal,,,,0
com.google.gson.stream.JsonWriterTest.testNameWithoutValue,,,,0
com.google.gson.JsonPrimitiveTest.testByteEqualsBigInteger,,,,0
com.google.gson.functional.StreamingTypeAdaptersTest.testSerializeNullObject,,,,0
com.google.gson.functional.PrimitiveTest.testNegativeInfinityDeserialization,,,,0
com.google.gson.stream.JsonReaderTest.testStrictMultipleTopLevelValues,,,,0
com.google.gson.functional.PrimitiveTest.testSmallValueForBigDecimalSerialization,,,,0
com.google.gson.stream.JsonReaderTest.testLenientUnquotedNames,,,,0
com.google.gson.functional.PrimitiveTest.testBooleanDeserialization,,,,0
com.google.gson.functional.MapTest.testMapSerializationWithNullValuesSerialized,,,,0
com.google.gson.functional.DefaultTypeAdaptersTest.testBigDecimalFieldDeserialization,,,,0
com.google.gson.functional.CollectionTest.testLinkedListDeserialization,,,,0
com.google.gson.functional.CollectionTest.testWildcardPrimitiveCollectionDeserilaization,,,,0
com.google.gson.functional.DefaultTypeAdaptersTest.testTimestampSerialization,,,,0
com.google.gson.stream.JsonReaderTest.testFailWithEscapedNewlineCharacter,,,,0
com.google.gson.internal.LinkedTreeMapTest.testPutNonComparableKeyFails,,,,0
com.google.gson.functional.CustomTypeAdaptersTest.testCustomNestedDeserializers,,,,0
com.google.gson.stream.JsonReaderTest.testFailWithPositionOverCStyleComment,,,,0
com.google.gson.stream.JsonWriterTest.testClosedWriterThrowsOnName,,,,0
com.google.gson.functional.PrimitiveTest.testDoubleInfinitySerializationNotSupportedByDefault,,,,0
com.google.gson.functional.JsonAdapterAnnotationOnClassesTest.testRegisteredSerializerOverridesJsonAdapter,,,,0
com.google.gson.internal.bind.JsonElementReaderTest.testNulls,,,,0
com.google.gson.reflect.TypeTokenTest.testIsAssignableFromWithBasicWildcards,,,,0
com.google.gson.functional.StringTest.testStringValueDeserialization,,,,0
com.google.gson.JsonParserTest.testParseInvalidJson,,,,0
com.google.gson.functional.ArrayTest.testMultiDimenstionalObjectArraysSerialization,,,,0
com.google.gson.stream.JsonReaderTest.testStrictComments,,,,0
com.google.gson.functional.StringTest.testEscapedBackslashInStringDeserialization,,,,0
com.google.gson.functional.JsonParserTest.testExtraCommasInArrays,,,,0
com.google.gson.MixedStreamTest.testWriteInvalidState,,,,0
com.google.gson.functional.RuntimeTypeAdapterFactoryFunctionalTest.testSubclassesAutomaticallySerialzed,,,,0
com.google.gson.functional.TreeTypeAdaptersTest.testDeserializeId,,,,0
com.google.gson.functional.MapTest.testCustomSerializerForSpecificMapType,,,,0
com.google.gson.functional.StreamingTypeAdaptersTest.testSerialize1dArray,,,,0
com.google.gson.JsonArrayTest.testEqualsOnEmptyArray,,,,0
com.google.gson.functional.MapAsArrayTypeAdapterTest.testSerializeComplexMapWithTypeAdapter,,,,0
com.google.gson.stream.JsonReaderTest.testPeekLongMaxValue,,,,0
com.google.gson.functional.MapTest.testComplexKeysDeserialization,,,,0
com.google.gson.functional.EnumTest.testCollectionOfEnumsDeserialization,,,,0
com.google.gson.functional.MapAsArrayTypeAdapterTest.testMultipleEnableComplexKeyRegistrationHasNoEffect,,,,0
com.google.gson.DefaultDateTypeAdapterTest.testDateDeserializationISO8601,,,,0
com.google.gson.functional.DefaultTypeAdaptersTest.testDefaultDateSerialization,,,,0
com.google.gson.stream.JsonReaderTest.testSkipObjectAfterPeek,,,,0
com.google.gson.functional.JsonAdapterAnnotationOnFieldsTest.testClassAnnotationAdapterFactoryTakesPrecedenceOverDefault,,,,0
com.google.gson.functional.CircularReferenceTest.testCircularSerialization,,,,0
com.google.gson.functional.ObjectTest.testAnonymousLocalClassesCustomSerialization,,,,0
com.google.gson.stream.JsonReaderPathTest.testArrayOfArrays,,,,0
com.google.gson.functional.EnumTest.testEnumCaseMapping,,,,0
com.google.gson.MixedStreamTest.testWriteMixedStreamed,,,,0
com.google.gson.functional.CollectionTest.testTopLevelCollectionOfIntegersSerialization,,,,0
com.google.gson.functional.MapTest.testSerializeMaps,,,,0
com.google.gson.functional.EnumTest.testCollectionOfEnumsSerialization,,,,0
com.google.gson.functional.MapTest.testWriteMapsWithEmptyStringKey,,,,0
com.google.gson.JsonObjectTest.testAddingNullOrEmptyPropertyName,,,,0
com.google.gson.functional.StringTest.testEscapedCtrlNInStringDeserialization,,,,0
com.google.gson.functional.TypeHierarchyAdapterTest.testTypeHierarchy,,,,0
com.google.gson.functional.PrimitiveTest.testBigDecimalNoFractAsStringRepresentationDeserialization,,,,0
com.google.gson.internal.bind.JsonElementReaderTest.testNumbersFromStrings,,,,0
com.google.gson.stream.JsonReaderTest.testStrictSemicolonDelimitedNameValuePair,,,,0
com.google.gson.functional.CustomTypeAdaptersTest.testCustomSerializers,,,,0
com.google.gson.functional.PrimitiveTest.testDeserializingDecimalPointValueZeroSucceeds,,,,0
com.google.gson.functional.DefaultTypeAdaptersTest.testLocaleDeserializationWithLanguageCountry,,,,0
com.google.gson.functional.PrimitiveTest.testDeserializeJsonObjectAsDoubleWrapper,,,,0
com.google.gson.stream.JsonReaderTest.testMissingValue,,,,0
com.google.gson.functional.DefaultTypeAdaptersTest.testDefaultJavaSqlTimeDeserialization,,,,0
com.google.gson.JsonObjectTest.testWritePropertyWithEmptyStringName,,,,0
com.google.gson.functional.PrimitiveTest.testNegativeInfinityFloatDeserialization,,,,0
com.google.gson.functional.PrimitiveTest.testDoubleInfinitySerialization,,,,0
com.google.gson.functional.DefaultTypeAdaptersTest.testSqlDateSerialization,,,,0
com.google.gson.DefaultMapJsonSerializerTest.testEmptyMapNoTypeSerialization,,,,0
com.google.gson.functional.CollectionTest.testSetSerialization,,,,0
com.google.gson.functional.MapTest.testConcurrentMap,,,,0
com.google.gson.functional.StringTest.testSingleQuoteInStringSerialization,,,,0
com.google.gson.functional.EnumTest.testClassWithEnumFieldSerialization,,,,0
com.google.gson.stream.JsonWriterTest.testClosedWriterThrowsOnStructure,,,,0
com.google.gson.functional.ArrayTest.testTopLevelArrayOfIntsDeserialization,,,,0
com.google.gson.stream.JsonReaderTest.testReadEmptyArray,,,,0
com.google.gson.functional.StreamingTypeAdaptersTest.testSerializeMap,,,,0
com.google.gson.stream.JsonReaderTest.testFailWithPositionOverQuotedString,,,,0
com.google.gson.functional.TreeTypeAdaptersTest.testSerializeId,,,,0
com.google.gson.functional.CustomTypeAdaptersTest.testCustomDeserializerInvokedForPrimitives,,,,0
com.google.gson.stream.JsonWriterTest.testRepeatedName,,,,0
com.google.gson.functional.PrimitiveTest.testPrimitiveIntegerAutoboxedInASingleElementArraySerialization,,,,0
com.google.gson.functional.PrettyPrintingTest.testPrettyPrintListOfPrimitiveArrays,,,,0
com.google.gson.functional.MapAsArrayTypeAdapterTest.testTwoTypesCollapseToOneDeserialize,,,,0
com.google.gson.stream.JsonReaderTest.testFailWithPositionGreaterThanBufferSize,,,,0
com.google.gson.JsonPrimitiveTest.testEquals,,,,0
com.google.gson.functional.JsonParserTest.testChangingCustomTreeAndDeserializing,,,,0
com.google.gson.internal.LinkedTreeMapTest.testEmptyStringValues,,,,0
com.google.gson.stream.JsonReaderTest.testNullLiteralIsNotAString,,,,0
com.google.gson.stream.JsonReaderTest.testUnescapingTruncatedSequence,,,,0
com.google.gson.functional.InheritanceTest.testClassWithBaseArrayFieldSerialization,,,,0
com.google.gson.stream.JsonReaderPathTest.testArrayPath,,,,0
com.google.gson.stream.JsonWriterTest.testNonFiniteBoxedDoubles,,,,0
com.google.gson.functional.PrettyPrintingTest.testEmptyMapField,,,,0
com.google.gson.FieldAttributesTest.testDeclaredTypeAndClass,,,,0
com.google.gson.functional.CollectionTest.testCollectionOfObjectSerialization,,,,0
com.google.gson.OverrideCoreTypeAdaptersTest.testOverrideWrapperBooleanAdapter,,,,0
com.google.gson.internal.bind.JsonElementReaderTest.testNestedArrays,,,,0
com.google.gson.functional.PrimitiveTest.testDeserializeJsonArrayAsFloatWrapper,,,,0
com.google.gson.stream.JsonReaderTest.testStringAsNumberWithNonDigitExponent,,,,0
com.google.gson.functional.PrimitiveCharacterTest.testPrimitiveCharacterAutoboxedSerialization,,,,0
com.google.gson.JsonPrimitiveTest.testByteEqualsShort,,,,0
com.google.gson.functional.InternationalizationTest.testStringsWithUnicodeChineseCharactersSerialization,,,,0
com.google.gson.JsonStreamParserTest.testParseTwoStrings,,,,0
com.google.gson.functional.PrimitiveTest.testPrimitiveBooleanAutoboxedInASingleElementArraySerialization,,,,0
com.google.gson.functional.DefaultTypeAdaptersTest.testStringBufferSerialization,,,,0
com.google.gson.functional.NamingPolicyTest.testGsonWithUpperCamelCaseSpacesPolicyDeserialiation,,,,0
com.google.gson.functional.DefaultTypeAdaptersTest.testStringBufferDeserialization,,,,0
com.google.gson.functional.NullObjectAndFieldTest.testExplicitDeserializationOfNulls,,,,0
com.google.gson.functional.ObjectTest.testInnerClassSerialization,,,,0
com.google.gson.functional.FieldNamingTest.testUpperCamelCase,,,,0
com.google.gson.functional.ObjectTest.testBagOfPrimitiveWrappersSerialization,,,,0
com.google.gson.functional.PrimitiveTest.testPrimitiveLongAutoboxedDeserialization,,,,0
com.google.gson.functional.CircularReferenceTest.testSelfReferenceArrayFieldSerialization,,,,0
com.google.gson.functional.InstanceCreatorTest.testInstanceCreatorForParametrizedType,,,,0
com.google.gson.internal.bind.JsonElementReaderTest.testNestedObjects,,,,0
com.google.gson.functional.PrimitiveTest.testQuotedStringSerializationAndDeserialization,,,,0
com.google.gson.functional.JsonTreeTest.testToJsonTree,,,,0
com.google.gson.internal.bind.JsonTreeWriterTest.testPrematureClose,,,,0
com.google.gson.functional.ObjectTest.testClassWithNoFieldsDeserialization,,,,0
com.google.gson.MixedStreamTest.testReaderDoesNotMutateState,,,,0
com.google.gson.functional.ObjectTest.testStringFieldWithEmptyValueSerialization,,,,0
com.google.gson.functional.ExposeFieldsTest.testExposeAnnotationDeserialization,,,,0
com.google.gson.functional.ObjectTest.testTruncatedDeserialization,,,,0
com.google.gson.functional.MapTest.testMapDeserializationWithWildcardValues,,,,0
com.google.gson.functional.FieldNamingTest.testIdentity,,,,0
com.google.gson.stream.JsonWriterTest.testStrictWriterDoesNotPermitMultipleTopLevelValues,,,,0
com.google.gson.stream.JsonWriterTest.testNulls,,,,0
com.google.gson.stream.JsonReaderTest.testStrictUnnecessaryArraySeparatorsWithSkipValue,,,,0
com.google.gson.functional.CollectionTest.testWildcardPrimitiveCollectionSerilaization,,,,0
com.google.gson.stream.JsonReaderTest.testDeeplyNestedObjects,,,,0
com.google.gson.functional.PrettyPrintingTest.testMultipleArrays,,,,0
com.google.gson.functional.NamingPolicyTest.testGsonWithLowerCaseDashPolicySerialization,,,,0
com.google.gson.functional.ExclusionStrategyFunctionalTest.testExclusionStrategyWithMode,,,,0
com.google.gson.functional.ExposeFieldsTest.testExposedInterfaceFieldDeserialization,,,,0
com.google.gson.functional.CircularReferenceTest.testSelfReferenceCustomHandlerSerialization,,,,0
com.google.gson.internal.LinkedHashTreeMapTest.testRemoveRootDoesNotDoubleUnlink,,,,0
com.google.gson.functional.PrettyPrintingTest.testPrettyPrintArrayOfPrimitives,,,,0
com.google.gson.ObjectTypeAdapterTest.testDeserialize,,,,0
com.google.gson.functional.PrimitiveTest.testNumberDeserialization,,,,0
com.google.gson.functional.UncategorizedTest.testStaticFieldsAreNotSerialized,,,,0
com.google.gson.functional.PrimitiveTest.testPrimitiveBooleanAutoboxedSerialization,,,,0
com.google.gson.functional.ObjectTest.testClassWithNoFieldsSerialization,,,,0
com.google.gson.stream.JsonReaderTest.testSkipArray,,,,0
com.google.gson.functional.ArrayTest.testArrayOfCollectionDeserialization,,,,0
com.google.gson.functional.NamingPolicyTest.testGsonWithNonDefaultFieldNamingPolicyDeserialiation,,,,0
com.google.gson.OverrideCoreTypeAdaptersTest.testOverrideStringAdapter,,,,0
com.google.gson.MixedStreamTest.testWriteDoesNotMutateState,,,,0
com.google.gson.functional.TypeVariableTest.testBasicTypeVariables,,,,0
com.google.gson.functional.InheritanceTest.testSubClassSerialization,,,,0
com.google.gson.stream.JsonWriterTest.testBadNestingArray,,,,0
com.google.gson.functional.DefaultTypeAdaptersTest.testLocaleDeserializationWithLanguageCountryVariant,,,,0
com.google.gson.JsonPrimitiveTest.testDoubleEqualsBigDecimal,,,,0
com.google.gson.functional.DefaultTypeAdaptersTest.testJsonArrayDeserialization,,,,0
com.google.gson.functional.MapTest.testMapSerializationWithNullValueButSerializeNulls,,,,0
com.google.gson.JsonStreamParserTest.testIterator,,,,0
com.google.gson.functional.MoreSpecificTypeSerializationTest.testListOfSubclassFields,,,,0
com.google.gson.functional.InheritanceTest.testClassWithBaseFieldSerialization,,,,0
com.google.gson.functional.SecurityTest.testNonExecutableJsonSerialization,,,,0
com.google.gson.functional.UncategorizedTest.testTrailingWhitespace,,,,0
com.google.gson.functional.DefaultTypeAdaptersTest.testDefaultDateSerializationUsingBuilder,,,,0
com.google.gson.internal.bind.JsonElementReaderTest.testNumbers,,,,0
com.google.gson.functional.PrimitiveTest.testShortSerialization,,,,0
com.google.gson.functional.StringTest.testSingleQuoteInStringDeserialization,,,,0
com.google.gson.functional.CollectionTest.testRawCollectionOfIntegersSerialization,,,,0
com.google.gson.functional.MapTest.testMapDeserializationWithNullKey,,,,0
com.google.gson.functional.InternationalizationTest.testStringsWithUnicodeChineseCharactersEscapedDeserialization,,,,0
com.google.gson.functional.ArrayTest.testArrayOfCollectionSerialization,,,,0
com.google.gson.functional.NullObjectAndFieldTest.testNullWrappedPrimitiveMemberSerialization,,,,0
com.google.gson.functional.ExclusionStrategyFunctionalTest.testExcludeTopLevelClassDeserializationDoesNotImpactSerialization,,,,0
com.google.gson.functional.VersioningTest.testIgnoreLaterVersionClassSerialization,,,,0
com.google.gson.functional.PrimitiveTest.testNumberSerialization,,,,0
com.google.gson.functional.NamingPolicyTest.testGsonWithSerializedNameFieldNamingPolicySerialization,,,,0
com.google.gson.stream.JsonReaderTest.testStrictSemicolonDelimitedArray,,,,0
com.google.gson.functional.DefaultTypeAdaptersTest.testDefaultDateDeserialization,,,,0
com.google.gson.functional.VersioningTest.testVersionedGsonMixingSinceAndUntilDeserialization,,,,0
com.google.gson.functional.ParameterizedTypesTest.testParameterizedTypeWithCustomSerializer,,,,0
com.google.gson.functional.PrimitiveTest.testDeserializeJsonObjectAsShortPrimitive,,,,0
com.google.gson.stream.JsonReaderTest.testIntegersWithFractionalPartSpecified,,,,0
com.google.gson.functional.MapTest.testHashMapDeserialization,,,,0
com.google.gson.functional.ThrowableFunctionalTest.testExceptionWithoutCause,,,,0
com.google.gson.functional.ObjectTest.testStringFieldWithEmptyValueDeserialization,,,,0
com.google.gson.functional.UncategorizedTest.testInvalidJsonDeserializationFails,,,,0
com.google.gson.functional.JsonAdapterAnnotationOnClassesTest.testRegisteredAdapterOverridesJsonAdapter,,,,0
com.google.gson.stream.JsonReaderTest.testSkipInteger,,,,0
com.google.gson.functional.MapAsArrayTypeAdapterTest.testMapWithTypeVariableDeserialization,,,,0
com.google.gson.functional.ParameterizedTypesTest.testVariableTypeArrayDeserialization,,,,0
com.google.gson.functional.CustomTypeAdaptersTest.testEnsureCustomDeserializerNotInvokedForNullValues,,,,0
com.google.gson.functional.JavaUtilConcurrentAtomicTest.testAtomicBoolean,,,,0
com.google.gson.functional.DefaultTypeAdaptersTest.testBigIntegerFieldSerialization,,,,0
com.google.gson.stream.JsonReaderTest.testReadObject,,,,0
com.google.gson.functional.SerializedNameTest.testFirstNameIsChosenForSerialization,,,,0
com.google.gson.functional.JsonArrayTest.testSameAddition,,,,0
com.google.gson.stream.JsonWriterTest.testNumbers,,,,0
com.google.gson.stream.JsonWriterTest.testLongs,,,,0
com.google.gson.JsonParserTest.testParseUnquotedStringArrayFails,,,,0
com.google.gson.internal.bind.JsonElementReaderTest.testSkipValue,,,,0
com.google.gson.functional.ParameterizedTypesTest.testParameterizedTypeGenericArraysDeserialization,,,,0
com.google.gson.functional.PrimitiveTest.testDeserializeJsonObjectAsFloatPrimitive,,,,0
com.google.gson.functional.MoreSpecificTypeSerializationTest.testParameterizedSubclassFields,,,,0
com.google.gson.functional.CollectionTest.testNullsInListSerialization,,,,0
com.google.gson.functional.StreamingTypeAdaptersTest.testDeserialize2dArray,,,,0
com.google.gson.functional.CustomTypeAdaptersTest.testCustomAdapterInvokedForMapElementSerializationWithType,,,,0
com.google.gson.MixedStreamTest.testWriteNulls,,,,0
com.google.gson.functional.CollectionTest.testPriorityQueue,,,,0
com.google.gson.stream.JsonReaderTest.testFailWithPositionOverUnquotedString,,,,0
com.google.gson.stream.JsonReaderTest.testLenientNameValueSeparator,,,,0
com.google.gson.functional.JsonAdapterAnnotationOnFieldsTest.testRegisteredTypeAdapterTakesPrecedenceOverClassAnnotationAdapter,,,,0
com.google.gson.functional.MapTest.testMapSerializationWithNullKey,,,,0
com.google.gson.functional.CollectionTest.testQueueSerialization,,,,0
com.google.gson.functional.CustomSerializerTest.testSubClassSerializerInvokedForBaseClassFieldsHoldingSubClassInstances,,,,0
com.google.gson.stream.JsonReaderTest.testIntegerMismatchFailuresDoNotAdvance,,,,0
com.google.gson.functional.UncategorizedTest.testGsonInstanceReusableForSerializationAndDeserialization,,,,0
com.google.gson.functional.ExclusionStrategyFunctionalTest.testExclusionStrategySerializationDoesNotImpactDeserialization,,,,0
com.google.gson.stream.JsonReaderPathTest.testSkipArrayElements,,,,0
com.google.gson.stream.JsonReaderTest.testStrictMultipleTopLevelValuesWithSkipValue,,,,0
com.google.gson.functional.JsonArrayTest.testCharPrimitiveAddition,,,,0
com.google.gson.FieldAttributesTest.testNullField,,,,0
com.google.gson.functional.DefaultTypeAdaptersTest.testJsonElementTypeMismatch,,,,0
com.google.gson.stream.JsonReaderTest.testStrictCommentsWithSkipValue,,,,0
com.google.gson.functional.ArrayTest.testEmptyArraySerialization,,,,0
com.google.gson.functional.NamingPolicyTest.testGsonWithLowerCaseUnderscorePolicySerialization,,,,0
com.google.gson.functional.CollectionTest.testRawCollectionDeserializationNotAlllowed,,,,0
com.google.gson.MixedStreamTest.testReadClosed,,,,0
com.google.gson.functional.PrintFormattingTest.testJsonObjectWithNullValues,,,,0
com.google.gson.internal.bind.JsonTreeWriterTest.testNestedArray,,,,0
com.google.gson.functional.DelegateTypeAdapterTest.testDelegateInvokedOnStrings,,,,0
com.google.gson.functional.ExposeFieldsTest.testNoExposedFieldSerialization,,,,0
com.google.gson.functional.ObjectTest.testClassWithTransientFieldsDeserialization,,,,0
com.google.gson.functional.ConcurrencyTest.testSingleThreadDeserialization,,,,0
com.google.gson.stream.JsonReaderTest.testLenientPartialNonExecutePrefix,,,,0
com.google.gson.functional.NullObjectAndFieldTest.testTopLevelNullObjectDeserialization,,,,0
com.google.gson.stream.JsonReaderTest.testSkipDouble,,,,0
com.google.gson.functional.JavaUtilConcurrentAtomicTest.testAtomicInteger,,,,0
com.google.gson.GenericArrayTypeTest.testNotEquals,,,,0
com.google.gson.stream.JsonWriterTest.testDoubles,,,,0
com.google.gson.functional.ReadersWritersTest.testTopLevelNullObjectSerializationWithWriterAndSerializeNulls,,,,0
com.google.gson.DefaultDateTypeAdapterTest.testParsingDatesFormattedWithSystemLocale,,,,0
com.google.gson.functional.ReadersWritersTest.testTypeMismatchThrowsJsonSyntaxExceptionForStrings,,,,0
com.google.gson.DefaultMapJsonSerializerTest.testEmptyMapSerialization,,,,0
com.google.gson.functional.MapTest.testMapWithQuotes,,,,0
com.google.gson.functional.StringTest.testEscapingQuotesInStringDeserialization,,,,0
com.google.gson.functional.ObjectTest.testEmptyCollectionInAnObjectSerialization,,,,0
com.google.gson.functional.PrimitiveTest.testDeserializeJsonObjectAsBigDecimal,,,,0
com.google.gson.functional.ExposeFieldsTest.testNoExposedFieldDeserialization,,,,0
com.google.gson.functional.ArrayTest.testArrayOfStringsDeserialization,,,,0
com.google.gson.functional.MoreSpecificTypeSerializationTest.testMapOfSubclassFields,,,,0
com.google.gson.functional.InstanceCreatorTest.testInstanceCreatorReturnsBaseType,,,,0
com.google.gson.internal.bind.JsonElementReaderTest.testStrictNansAndInfinities,,,,0
com.google.gson.GsonBuilderTest.testRegisterTypeAdapterForCoreType,,,,0
com.google.gson.functional.PrimitiveTest.testValueVeryCloseToZeroIsZero,,,,0
com.google.gson.internal.LazilyParsedNumberTest.testEquals,,,,0
com.google.gson.functional.ArrayTest.testArrayOfNullDeserialization,,,,0
com.google.gson.functional.MapTest.testMapOfMapDeserialization,,,,0
com.google.gson.functional.ReadersWritersTest.testTypeMismatchThrowsJsonSyntaxExceptionForReaders,,,,0
com.google.gson.functional.MapTest.testMapSubclassSerialization,,,,0
com.google.gson.internal.LinkedHashTreeMapTest.testEmptyStringValues,,,,0
com.google.gson.FieldAttributesTest.testName,,,,0
com.google.gson.functional.EscapingTest.testGsonAcceptsEscapedAndNonEscapedJsonDeserialization,,,,0
com.google.gson.internal.LinkedHashTreeMapTest.testClear,,,,0
com.google.gson.functional.ParameterizedTypesTest.testParameterizedTypeDeserialization,,,,0
com.google.gson.functional.PrimitiveTest.testDeserializingNonZeroDecimalPointValuesAsIntegerFails,,,,0
com.google.gson.functional.InternationalizationTest.testStringsWithUnicodeChineseCharactersDeserialization,,,,0
com.google.gson.functional.DefaultTypeAdaptersTest.testBadValueForBigDecimalDeserialization,,,,0
com.google.gson.functional.JsonParserTest.testBadFieldTypeForCustomDeserializerCustomTree,,,,0
com.google.gson.functional.ObjectTest.testEmptyCollectionInAnObjectDeserialization,,,,0
com.google.gson.functional.TypeAdapterPrecedenceTest.testStreamingFollowedByNonstreaming,,,,0
com.google.gson.JsonPrimitiveTest.testLongEqualsBigInteger,,,,0
com.google.gson.functional.MapTest.testParameterizedMapSubclassSerialization,,,,0
com.google.gson.functional.ThrowableFunctionalTest.testErrornWithCause,,,,0
com.google.gson.functional.JsonParserTest.testBadTypeForDeserializingCustomTree,,,,0
com.google.gson.stream.JsonReaderTest.testSkipTopLevelUnquotedString,,,,0
com.google.gson.functional.CustomTypeAdaptersTest.testCustomSerializerInvokedForPrimitives,,,,0
com.google.gson.functional.ObjectTest.testPrivateNoArgConstructorDeserialization,,,,0
com.google.gson.functional.PrimitiveTest.testDeserializeJsonObjectAsBytePrimitive,,,,0
com.google.gson.functional.PrimitiveTest.testPrimitiveDoubleAutoboxedDeserialization,,,,0
com.google.gson.functional.PrimitiveTest.testNegativeInfinitySerialization,,,,0
com.google.gson.stream.JsonReaderTest.testCharacterUnescaping,,,,0
com.google.gson.functional.DefaultTypeAdaptersTest.testDefaultGregorianCalendarDeserialization,,,,0
com.google.gson.functional.EnumTest.testEnumSubclass,,,,0
com.google.gson.functional.ObjectTest.testNullDeserialization,,,,0
com.google.gson.reflect.TypeTokenTest.testIsAssignableFromWithNestedWildcards,,,,0
com.google.gson.functional.PrimitiveTest.testDoubleNaNSerializationNotSupportedByDefault,,,,0
com.google.gson.functional.ExclusionStrategyFunctionalTest.testExclusionStrategySerializationDoesNotImpactSerialization,,,,0
com.google.gson.stream.JsonReaderTest.testVeryLongQuotedString,,,,0
com.google.gson.functional.CustomDeserializerTest.testCustomDeserializerReturnsNull,,,,0
com.google.gson.functional.VersioningTest.testIgnoreLaterVersionClassDeserialization,,,,0
com.google.gson.stream.JsonReaderTest.testFailWithPositionOverHashEndOfLineComment,,,,0
com.google.gson.stream.JsonReaderTest.testLenientUnnecessaryArraySeparators,,,,0
com.google.gson.stream.JsonReaderTest.testStrictUnnecessaryArraySeparators,,,,0
com.google.gson.stream.JsonWriterTest.testTwoNames,,,,0
com.google.gson.functional.ObjectTest.testJsonInSingleQuotesDeserialization,,,,0
com.google.gson.functional.StringTest.testAssignmentCharSerialization,,,,0
com.google.gson.functional.PrimitiveTest.testFloatNaNSerializationNotSupportedByDefault,,,,0
com.google.gson.functional.ParameterizedTypesTest.testVariableTypeDeserialization,,,,0
com.google.gson.JsonObjectTest.testAddingStringProperties,,,,0
com.google.gson.functional.PrimitiveTest.testReallyLongValuesSerialization,,,,0
com.google.gson.functional.NullObjectAndFieldTest.testCustomTypeAdapterPassesNullDesrialization,,,,0
com.google.gson.functional.StringTest.testStringValueAsSingleElementArraySerialization,,,,0
com.google.gson.functional.VersioningTest.testVersionedClassesSerialization,,,,0
com.google.gson.functional.MapTest.testInterfaceTypeMap,,,,0
com.google.gson.functional.PrimitiveTest.testDoubleArrayDeserialization,,,,0
com.google.gson.functional.DefaultTypeAdaptersTest.testBigIntegerFieldDeserialization,,,,0
com.google.gson.functional.MapTest.testMapSerializationEmpty,,,,0
com.google.gson.functional.MapTest.testMapSerializationWithIntegerKeys,,,,0
com.google.gson.functional.CollectionTest.testCollectionOfStringsSerialization,,,,0
com.google.gson.stream.JsonReaderTest.testUnescapingInvalidCharacters,,,,0
com.google.gson.functional.StreamingTypeAdaptersTest.testSerialize2dArray,,,,0
com.google.gson.functional.CollectionTest.testRawCollectionSerialization,,,,0
com.google.gson.stream.JsonReaderTest.testMixedCaseLiterals,,,,0
com.google.gson.stream.JsonReaderTest.testSkipArrayAfterPeek,,,,0
com.google.gson.functional.DefaultTypeAdaptersTest.testPropertiesSerialization,,,,0
com.google.gson.functional.TypeAdapterPrecedenceTest.testStreamingHierarchicalFollowedByNonstreamingHierarchical,,,,0
com.google.gson.ExposeAnnotationExclusionStrategyTest.testNeverSkipExplicitlyExposedAnnotatedFields,,,,0
com.google.gson.DefaultDateTypeAdapterTest.testDateSerialization,,,,0
com.google.gson.functional.MapTest.testMapStandardSubclassDeserialization,,,,0
com.google.gson.functional.ObjectTest.testArrayOfObjectsAsFields,,,,0
com.google.gson.functional.PrimitiveTest.testDeserializingBigDecimalAsIntegerFails,,,,0
com.google.gson.functional.JavaUtilConcurrentAtomicTest.testAtomicIntegerArray,,,,0
com.google.gson.stream.JsonReaderTest.testReadEmptyObject,,,,0
com.google.gson.LongSerializationPolicyTest.testStringLongSerialization,,,,0
com.google.gson.functional.ObjectTest.testPrimitiveArrayFieldSerialization,,,,0
com.google.gson.functional.StreamingTypeAdaptersTest.testFromJsonTree,,,,0
com.google.gson.functional.StringTest.testAssignmentCharDeserialization,,,,0
com.google.gson.functional.ArrayTest.testArrayElementsAreArrays,,,,0
com.google.gson.functional.StringTest.testEscapedCtrlRInStringSerialization,,,,0
com.google.gson.functional.PrimitiveTest.testDeserializeJsonObjectAsBigInteger,,,,0
com.google.gson.functional.DefaultTypeAdaptersTest.testDefaultGregorianCalendarSerialization,,,,0
com.google.gson.ExposeAnnotationExclusionStrategyTest.testNeverSkipExposedAnnotatedFields,,,,0
com.google.gson.functional.InheritanceTest.testSubClassDeserialization,,,,0
com.google.gson.MixedStreamTest.testReadMixedStreamed,,,,0
com.google.gson.stream.JsonWriterTest.testNullName,,,,0
com.google.gson.JsonPrimitiveTest.testBoolean,,,,0
com.google.gson.functional.JsonArrayTest.testBooleanPrimitiveAddition,,,,0
com.google.gson.functional.DefaultTypeAdaptersTest.testTreeSetDeserialization,,,,0
com.google.gson.internal.bind.JsonElementReaderTest.testStringsFromNumbers,,,,0
com.google.gson.JsonObjectTest.testEqualsNonEmptyObject,,,,0
com.google.gson.DefaultInetAddressTypeAdapterTest.testInetAddressSerializationAndDeserialization,,,,0
com.google.gson.stream.JsonWriterTest.testNullStringValue,,,,0
com.google.gson.stream.JsonWriterTest.testStrings,,,,0
com.google.gson.stream.JsonReaderTest.testPrematurelyClosed,,,,0
com.google.gson.functional.DefaultTypeAdaptersTest.testUrlSerialization,,,,0
com.google.gson.functional.ObjectTest.testBagOfPrimitivesSerialization,,,,0
com.google.gson.functional.PrintFormattingTest.testJsonObjectWithNullValuesSerialized,,,,0
com.google.gson.functional.StringTest.testEscapingQuotesInStringSerialization,,,,0
com.google.gson.ObjectTypeAdapterTest.testSerializeNullValue,,,,0
com.google.gson.internal.bind.JsonTreeWriterTest.testArray,,,,0
com.google.gson.JsonPrimitiveTest.testIntegerEqualsBigInteger,,,,0
com.google.gson.JsonObjectTest.testPropertyWithQuotes,,,,0
com.google.gson.functional.MoreSpecificTypeSerializationTest.testSubclassFields,,,,0
com.google.gson.functional.PrimitiveTest.testSmallValueForBigIntegerDeserialization,,,,0
com.google.gson.functional.DefaultTypeAdaptersTest.testNullSerialization,,,,0
com.google.gson.functional.CollectionTest.testLinkedListSerialization,,,,0
com.google.gson.JsonStreamParserTest.testNoSideEffectForHasNext,,,,0
com.google.gson.functional.DefaultTypeAdaptersTest.testLocaleDeserializationWithLanguage,,,,0
com.google.gson.internal.bind.JsonTreeWriterTest.testObject,,,,0
com.google.gson.functional.ObjectTest.testArrayOfArraysDeserialization,,,,0
com.google.gson.internal.bind.JsonElementReaderTest.testStrings,,,,0
com.google.gson.JsonPrimitiveTest.testFloatEqualsDouble,,,,0
com.google.gson.functional.ReadersWritersTest.testTopLevelNullObjectSerializationWithWriter,,,,0
com.google.gson.internal.GsonTypesTest.testNewParameterizedTypeWithoutOwner,,,,0
com.google.gson.functional.NamingPolicyTest.testGsonWithNonDefaultFieldNamingPolicySerialization,,,,0
com.google.gson.internal.bind.JsonTreeWriterTest.testSerializeNullsTrue,,,,0
com.google.gson.functional.LeniencyTest.testLenientFromJson,,,,0
com.google.gson.functional.CollectionTest.testTopLevelCollectionOfIntegersDeserialization,,,,0
com.google.gson.internal.LinkedTreeMapTest.testClear,,,,0
com.google.gson.functional.PrimitiveTest.testFloatInfinityDeserialization,,,,0
com.google.gson.functional.StreamingTypeAdaptersTest.testDeserializeMap,,,,0
com.google.gson.functional.TypeAdapterPrecedenceTest.testNonstreamingHierarchicalFollowedByNonstreaming,,,,0
com.google.gson.stream.JsonReaderTest.testVeryLongUnquotedLiteral,,,,0
com.google.gson.internal.LinkedTreeMapTest.testPutOverrides,,,,0
com.google.gson.functional.StringTest.testJavascriptKeywordsInStringSerialization,,,,0
com.google.gson.functional.ThrowableFunctionalTest.testExceptionWithCause,,,,0
com.google.gson.functional.MapTest.testRawMapSerialization,,,,0
com.google.gson.JsonObjectTest.testAddingBooleanProperties,,,,0
com.google.gson.stream.JsonReaderTest.testLenientSemicolonDelimitedArray,,,,0
com.google.gson.functional.DefaultTypeAdaptersTest.testDefaultCalendarSerialization,,,,0
com.google.gson.stream.JsonReaderTest.testDeeplyNestedArrays,,,,0
com.google.gson.functional.PrimitiveTest.testBigDecimalPreservePrecisionDeserialization,,,,0
com.google.gson.functional.PrimitiveTest.testSmallValueForBigDecimalDeserialization,,,,0
com.google.gson.DefaultDateTypeAdapterTest.testFormatUsesDefaultTimezone,,,,0
com.google.gson.functional.NamingPolicyTest.testComplexFieldNameStrategy,,,,0
com.google.gson.JsonArrayTest.testEqualsNonEmptyArray,,,,0
com.google.gson.functional.StreamingTypeAdaptersTest.testDeserialize1dArray,,,,0
com.google.gson.internal.LazilyParsedNumberTest.testHashCode,,,,0
com.google.gson.internal.bind.JsonElementReaderTest.testArray,,,,0
com.google.gson.stream.JsonReaderTest.testPrematureEndOfInput,,,,0
com.google.gson.functional.VersioningTest.testVersionedGsonWithUnversionedClassesDeserialization,,,,0
com.google.gson.functional.JsonArrayTest.testMixedPrimitiveAddition,,,,0
com.google.gson.functional.PrettyPrintingTest.testPrettyPrintList,,,,0
com.google.gson.functional.CollectionTest.testQueueDeserialization,,,,0
com.google.gson.functional.CustomDeserializerTest.testJsonTypeFieldBasedDeserialization,,,,0
com.google.gson.functional.SecurityTest.testNonExecutableJsonDeserialization,,,,0
com.google.gson.stream.JsonReaderTest.testSkipVeryLongUnquotedString,,,,0
com.google.gson.functional.PrimitiveTest.testDeserializingBigDecimalAsFloat,,,,0
com.google.gson.functional.StringTest.testEscapedBackslashInStringSerialization,,,,0
com.google.gson.functional.ObjectTest.testAnonymousLocalClassesSerialization,,,,0
com.google.gson.functional.DefaultTypeAdaptersTest.testLocaleSerializationWithLanguageCountry,,,,0
com.google.gson.functional.ArrayTest.testObjectArrayWithNonPrimitivesSerialization,,,,0
com.google.gson.JsonObjectTest.testAddingCharacterProperties,,,,0
com.google.gson.stream.JsonWriterTest.testNonFiniteDoubles,,,,0
com.google.gson.stream.JsonReaderTest.testStringAsNumberWithTruncatedExponent,,,,0
com.google.gson.functional.ReadersWritersTest.testTopLevelNullObjectDeserializationWithReaderAndSerializeNulls,,,,0
com.google.gson.stream.JsonReaderTest.testUnterminatedStringFailure,,,,0
com.google.gson.stream.JsonReaderTest.testStrictUnquotedNames,,,,0
com.google.gson.functional.ArrayTest.testSingleNullInArraySerialization,,,,0
com.google.gson.functional.MapTest.testMapOfMapSerialization,,,,0
com.google.gson.functional.ThrowableFunctionalTest.testSerializedNameOnExceptionFields,,,,0
com.google.gson.functional.NullObjectAndFieldTest.testExplicitNullSetsFieldToNullDuringDeserialization,,,,0
com.google.gson.functional.PrimitiveTest.testFloatNaNDeserialization,,,,0
com.google.gson.functional.EnumTest.testEnumSet,,,,0
com.google.gson.stream.JsonWriterTest.testBadNestingObject,,,,0
com.google.gson.internal.bind.JsonTreeWriterTest.testEmptyWriter,,,,0
com.google.gson.functional.PrettyPrintingTest.testMap,,,,0
com.google.gson.JsonObjectTest.testDeepCopy,,,,0
com.google.gson.functional.InternationalizationTest.testStringsWithRawChineseCharactersDeserialization,,,,0
com.google.gson.OverrideCoreTypeAdaptersTest.testOverridePrimitiveBooleanAdapter,,,,0
com.google.gson.functional.JsonParserTest.testParseInvalidJson,,,,0
com.google.gson.internal.LinkedTreeMapTest.testPutNullKeyFails,,,,0
com.google.gson.JsonObjectTest.testReadPropertyWithEmptyStringName,,,,0
com.google.gson.internal.LinkedHashTreeMapTest.testContainsNonComparableKeyReturnsFalse,,,,0
com.google.gson.functional.ParameterizedTypesTest.testParameterizedTypeWithVariableTypeDeserialization,,,,0
com.google.gson.functional.ObjectTest.testClassWithTransientFieldsSerialization,,,,0
com.google.gson.InnerClassExclusionStrategyTest.testExcludeInnerClassField,,,,0
com.google.gson.stream.JsonReaderTest.testSkipVeryLongQuotedString,,,,0
com.google.gson.functional.EscapingTest.testEscapingQuotesInStringArray,,,,0
com.google.gson.functional.ArrayTest.testSingleStringArrayDeserialization,,,,0
com.google.gson.JsonNullTest.testDeepCopy,,,,0
com.google.gson.functional.StreamingTypeAdaptersTest.testSerializeRecursive,,,,0
com.google.gson.functional.PrimitiveTest.testNegativeInfinityFloatSerializationNotSupportedByDefault,,,,0
com.google.gson.functional.ObjectTest.testBagOfPrimitivesDeserialization,,,,0
com.google.gson.functional.JavaUtilConcurrentAtomicTest.testAtomicLongWithStringSerializationPolicy,,,,0
com.google.gson.functional.CustomSerializerTest.testSubClassSerializerInvokedForBaseClassFieldsHoldingArrayOfSubClassInstances,,,,0
com.google.gson.functional.NamingPolicyTest.testGsonWithUpperCamelCaseSpacesPolicySerialiation,,,,0
com.google.gson.functional.StreamingTypeAdaptersTest.testSerializeWithCustomTypeAdapter,,,,0
com.google.gson.stream.JsonReaderTest.testStringNullIsNotNull,,,,0
com.google.gson.ExposeAnnotationExclusionStrategyTest.testNeverSkipClasses,,,,0
com.google.gson.functional.CustomTypeAdaptersTest.testCustomAdapterInvokedForCollectionElementDeserialization,,,,0
com.google.gson.functional.JsonArrayTest.testDoublePrimitiveAddition,,,,0
com.google.gson.functional.MoreSpecificTypeSerializationTest.testListOfParameterizedSubclassFields,,,,0
com.google.gson.stream.JsonReaderTest.testStrictNonExecutePrefix,,,,0
com.google.gson.functional.PrimitiveTest.testDeserializeJsonObjectAsNumber,,,,0
com.google.gson.functional.InheritanceTest.testBaseSerializedAsBaseWhenSpecifiedWithExplicitTypeForToJsonMethod,,,,0
com.google.gson.internal.LinkedTreeMapTest.testContainsNullKeyIsAlwaysFalse,,,,0
com.google.gson.GsonBuilderTest.testCreatingMoreThanOnce,,,,0
com.google.gson.functional.ObjectTest.testNullSerialization,,,,0
com.google.gson.functional.MapTest.testSortedMap,,,,0
com.google.gson.stream.JsonReaderTest.testMalformedDocuments,,,,0
com.google.gson.functional.FieldNamingTest.testLowerCaseWithDashes,,,,0
com.google.gson.functional.ParameterizedTypesTest.testParameterizedTypeGenericArraysSerialization,,,,0
com.google.gson.functional.ReadersWritersTest.testTopLevelNullObjectDeserializationWithReader,,,,0
com.google.gson.functional.ReadersWritersTest.testWriterForSerialization,,,,0
com.google.gson.internal.LinkedHashTreeMapTest.testPutNonComparableKeyFails,,,,0
com.google.gson.FieldAttributesTest.testIsSynthetic,,,,0
com.google.gson.LongSerializationPolicyTest.testDefaultLongSerialization,,,,0
com.google.gson.functional.MapTest.testMapSerializationWithWildcardValues,,,,0
com.google.gson.functional.PrimitiveTest.testBigIntegerDeserialization,,,,0
com.google.gson.functional.JsonTreeTest.testJsonTreeToString,,,,0
com.google.gson.functional.CustomTypeAdaptersTest.testCustomTypeAdapterDoesNotAppliesToSubClasses,,,,0
com.google.gson.functional.PrintFormattingTest.testCompactFormattingLeavesNoWhiteSpace,,,,0
com.google.gson.stream.JsonReaderTest.testHelloWorld,,,,0
com.google.gson.stream.JsonWriterTest.testEmptyObject,,,,0
com.google.gson.functional.InstanceCreatorTest.testInstanceCreatorForCollectionType,,,,0
com.google.gson.internal.LinkedTreeMapTest.testIterationOrder,,,,0
com.google.gson.functional.FieldExclusionTest.testDefaultInnerClassExclusion,,,,0
com.google.gson.functional.CustomSerializerTest.testBaseClassSerializerInvokedForBaseClassFields,,,,0
com.google.gson.functional.PrimitiveTest.testPrimitiveIntegerAutoboxedDeserialization,,,,0
com.google.gson.stream.JsonReaderPathTest.testSkipObjectNames,,,,0
com.google.gson.functional.DefaultTypeAdaptersTest.testDateSerializationInCollection,,,,0
com.google.gson.JavaSerializationTest.testNumberIsSerializable,,,,0
com.google.gson.functional.EscapingTest.testEscapeAllHtmlCharacters,,,,0
com.google.gson.functional.InheritanceTest.testClassWithBaseCollectionFieldSerialization,,,,0
com.google.gson.functional.ObjectTest.testJsonObjectSerialization,,,,0
com.google.gson.functional.DefaultTypeAdaptersTest.testOverrideBigDecimalTypeAdapter,,,,0
com.google.gson.functional.StringTest.testStringWithEscapedSlashDeserialization,,,,0
com.google.gson.functional.PrimitiveTest.testLargeDoubleDeserialization,,,,0
com.google.gson.functional.NamingPolicyTest.testAtSignInSerializedName,,,,0
com.google.gson.LongSerializationPolicyTest.testDefaultLongSerializationIntegration,,,,0
com.google.gson.functional.EnumTest.testClassWithEnumFieldDeserialization,,,,0
com.google.gson.functional.ObjectTest.testJsonInMixedQuotesDeserialization,,,,0
com.google.gson.functional.ParameterizedTypesTest.testParameterizedTypesWithWriterSerialization,,,,0
com.google.gson.functional.JsonAdapterAnnotationOnFieldsTest.testFieldAnnotationTakesPrecedenceOverRegisteredTypeAdapter,,,,0
com.google.gson.stream.JsonReaderTest.testStrictNonFiniteDoubles,,,,0
com.google.gson.functional.StringTest.testEscapedCtrlNInStringSerialization,,,,0
com.google.gson.functional.MapTest.testMapDeserialization,,,,0
com.google.gson.functional.MapTest.testMapDeserializationWithDuplicateKeys,,,,0
com.google.gson.stream.JsonReaderTest.testStrictUnquotedNamesWithSkipValue,,,,0
com.google.gson.functional.PrimitiveTest.testBigDecimalDeserialization,,,,0
com.google.gson.functional.DefaultTypeAdaptersTest.testDefaultCalendarDeserialization,,,,0
com.google.gson.functional.PrimitiveTest.testDeserializeJsonArrayAsLongWrapper,,,,0
com.google.gson.functional.MapTest.testReadMapsWithEmptyStringKey,,,,0
com.google.gson.functional.JsonParserTest.testDeserializingCustomTree,,,,0
com.google.gson.functional.ExposeFieldsTest.testNullExposeFieldSerialization,,,,0
com.google.gson.functional.MapTest.testMapNamePromotionWithJsonElementReader,,,,0
com.google.gson.functional.MapTest.testConcurrentSkipListMap,,,,0
com.google.gson.functional.VersioningTest.testVersionedGsonMixingSinceAndUntilSerialization,,,,0
com.google.gson.functional.StreamingTypeAdaptersTest.testDeserialize,,,,0
com.google.gson.functional.PrimitiveTest.testDeserializeJsonArrayAsShortWrapper,,,,0
com.google.gson.functional.CustomTypeAdaptersTest.testCustomAdapterInvokedForCollectionElementSerializationWithType,,,,0
com.google.gson.functional.JsonArrayTest.testIntegerPrimitiveAddition,,,,0
com.google.gson.functional.CustomSerializerTest.testBaseClassSerializerInvokedForBaseClassFieldsHoldingSubClassInstances,,,,0
com.google.gson.JsonPrimitiveTest.testFloatEqualsBigDecimal,,,,0
com.google.gson.functional.DefaultTypeAdaptersTest.testTreeSetSerialization,,,,0
com.google.gson.JsonPrimitiveTest.testStringsAndChar,,,,0
com.google.gson.functional.ArrayTest.testArrayOfPrimitivesAsObjectsDeserialization,,,,0
com.google.gson.functional.MapTest.testGeneralMapField,,,,0
com.google.gson.functional.DefaultTypeAdaptersTest.testLocaleSerializationWithLanguageCountryVariant,,,,0
com.google.gson.MixedStreamTest.testWriteHtmlSafe,,,,0
com.google.gson.JsonStreamParserTest.testCallingNextBeyondAvailableInput,,,,0
com.google.gson.stream.JsonReaderTest.testTopLevelValueTypes,,,,0
com.google.gson.functional.PrimitiveTest.testDeserializeJsonArrayAsInt,,,,0
com.google.gson.functional.ObjectTest.testInnerClassDeserialization,,,,0
com.google.gson.functional.JsonAdapterAnnotationOnClassesTest.testJsonAdapterInvoked,,,,0
com.google.gson.functional.ExclusionStrategyFunctionalTest.testExclusionStrategyDeserialization,,,,0
com.google.gson.stream.JsonReaderTest.testStrictSingleQuotedStringsWithSkipValue,,,,0
com.google.gson.functional.CustomTypeAdaptersTest.testRegisterHierarchyAdapterForDate,,,,0
com.google.gson.functional.TypeHierarchyAdapterTest.testRegisterSuperTypeFirst,,,,0
com.google.gson.stream.JsonReaderTest.testStrictSemicolonDelimitedNameValuePairWithSkipValue,,,,0
com.google.gson.functional.CustomTypeAdaptersTest.testCustomTypeAdapterAppliesToSubClassesSerializedAsBaseClass,,,,0
com.google.gson.functional.PrimitiveTest.testNegativeInfinityFloatSerialization,,,,0
com.google.gson.functional.ArrayTest.testNullsInArraySerialization,,,,0
com.google.gson.ExposeAnnotationExclusionStrategyTest.testDifferentSerializeAndDeserializeField,,,,0
com.google.gson.functional.JsonAdapterAnnotationOnFieldsTest.testJsonAdapterInvokedOnlyForAnnotatedFields,,,,0
com.google.gson.stream.JsonWriterTest.testClosedWriterThrowsOnValue,,,,0
com.google.gson.JsonParserTest.testParseUnquotedMultiWordStringFails,,,,0
com.google.gson.JsonPrimitiveTest.testEqualsAcrossTypes,,,,0
com.google.gson.functional.JsonTreeTest.testToJsonTreeObjectType,,,,0
com.google.gson.functional.CustomDeserializerTest.testCustomDeserializerReturnsNullForArrayElementsForArrayField,,,,0
com.google.gson.functional.MapTest.testMapDeserializationEmpty,,,,0
com.google.gson.functional.JsonAdapterAnnotationOnClassesTest.testIncorrectTypeAdapterFails,,,,0
com.google.gson.stream.JsonReaderTest.testLenientUnquotedStrings,,,,0
com.google.gson.functional.ObjectTest.testSingletonLists,,,,0
com.google.gson.stream.JsonReaderTest.testLenientVeryLongNumber,,,,0
com.google.gson.stream.JsonReaderTest.testCommentsInStringValue,,,,0
com.google.gson.stream.JsonReaderTest.testPeekingUnquotedStringsPrefixedWithBooleans,,,,0
com.google.gson.functional.PrimitiveTest.testByteSerialization,,,,0
com.google.gson.functional.ConcurrencyTest.testSingleThreadSerialization,,,,0
com.google.gson.functional.StreamingTypeAdaptersTest.testSerialize,,,,0
com.google.gson.functional.NullObjectAndFieldTest.testNullWrappedPrimitiveMemberDeserialization,,,,0
com.google.gson.stream.JsonReaderTest.testNulls,,,,0
com.google.gson.functional.DefaultTypeAdaptersTest.testUuidDeserialization,,,,0
com.google.gson.functional.PrimitiveTest.testDeserializingBigDecimalAsDouble,,,,0
com.google.gson.functional.InterfaceTest.testSerializingObjectImplementingInterface,,,,0
com.google.gson.LongSerializationPolicyTest.testStringLongSerializationIntegration,,,,0
com.google.gson.functional.FieldExclusionTest.testDefaultNestedStaticClassIncluded,,,,0
com.google.gson.functional.InheritanceTest.testSubInterfacesOfCollectionSerialization,,,,0
com.google.gson.stream.JsonReaderTest.testMalformedNumbers,,,,0
com.google.gson.functional.NamingPolicyTest.testDeprecatedNamingStrategy,,,,0
com.google.gson.functional.JsonParserTest.testBadFieldTypeForDeserializingCustomTree,,,,0
com.google.gson.internal.bind.JsonElementReaderTest.testLenientNansAndInfinities,,,,0
com.google.gson.stream.JsonReaderTest.testLongs,,,,0
com.google.gson.functional.PrimitiveTest.testPrimitiveIntegerAutoboxedSerialization,,,,0
com.google.gson.stream.JsonReaderTest.testVeryLongUnquotedString,,,,0
com.google.gson.functional.PrimitiveTest.testBigDecimalPreservePrecisionSerialization,,,,0
com.google.gson.functional.ObjectTest.testBagOfPrimitiveWrappersDeserialization,,,,0
com.google.gson.stream.JsonReaderTest.testStrictExtraCommasInMaps,,,,0
com.google.gson.GsonTypeAdapterTest.testDeserializerForAbstractClass,,,,0
com.google.gson.JsonArrayTest.testRemove,,,,0
com.google.gson.stream.JsonReaderTest.testPeekMuchLargerThanLongMinValue,,,,0
com.google.gson.functional.MapTest.testMapSubclassDeserialization,,,,0
com.google.gson.functional.ObjectTest.testEmptyStringDeserialization,,,,0
com.google.gson.stream.JsonReaderTest.testLenientSingleQuotedStrings,,,,0
com.google.gson.functional.MapTest.testMapDeserializationWithNullValue,,,,0
com.google.gson.JsonPrimitiveTest.testShortEqualsBigInteger,,,,0
com.google.gson.functional.DefaultTypeAdaptersTest.testNullJsonElementSerialization,,,,0
com.google.gson.stream.JsonReaderTest.testLongLargerThanMinLongThatWrapsAround,,,,0
com.google.gson.functional.NullObjectAndFieldTest.testTopLevelNullObjectSerialization,,,,0
com.google.gson.internal.bind.JsonElementReaderTest.testEarlyClose,,,,0
com.google.gson.internal.bind.JsonTreeWriterTest.testStrictBoxedNansAndInfinities,,,,0
com.google.gson.stream.JsonReaderPathTest.testObjectPath,,,,0
com.google.gson.functional.InheritanceTest.testBaseSerializedAsSubWhenSpecifiedWithExplicitTypeForToJsonMethod,,,,0
com.google.gson.stream.JsonReaderPathTest.testPath,,,,0
com.google.gson.functional.PrimitiveTest.testBadValueForBigIntegerDeserialization,,,,0
com.google.gson.InnerClassExclusionStrategyTest.testExcludeInnerClassObject,,,,0
com.google.gson.functional.PrimitiveTest.testDeserializeJsonArrayAsBigInteger,,,,0
com.google.gson.ObjectTypeAdapterTest.testSerializeObject,,,,0
com.google.gson.functional.SecurityTest.testJsonWithNonExectuableTokenWithConfiguredGsonDeserialization,,,,0
com.google.gson.functional.TypeHierarchyAdapterTest.testRegisterSubTypeFirstAllowed,,,,0
com.google.gson.functional.ExposeFieldsTest.testExposeAnnotationSerialization,,,,0
com.google.gson.functional.DefaultTypeAdaptersTest.testPropertiesDeserialization,,,,0
com.google.gson.functional.StreamingTypeAdaptersTest.testDeserializeNullField,,,,0
com.google.gson.internal.LinkedTreeMapTest.testRemoveRootDoesNotDoubleUnlink,,,,0
com.google.gson.stream.JsonWriterTest.testWriterCloseIsIdempotent,,,,0
com.google.gson.stream.JsonWriterTest.testInvalidTopLevelTypes,,,,0
com.google.gson.functional.ParameterizedTypesTest.testTypesWithMultipleParametersSerialization,,,,0
com.google.gson.functional.ParameterizedTypesTest.testDeepParameterizedTypeDeserialization,,,,0
com.google.gson.functional.InstanceCreatorTest.testInstanceCreatorReturnsSubTypeForField,,,,0
com.google.gson.functional.RawSerializationTest.testThreeLevelParameterizedObject,,,,0
com.google.gson.functional.DefaultTypeAdaptersTest.testStringBuilderSerialization,,,,0
com.google.gson.functional.CustomDeserializerTest.testDefaultConstructorNotCalledOnField,,,,0
com.google.gson.internal.bind.JsonTreeWriterTest.testNestedObject,,,,0
com.google.gson.functional.CollectionTest.testCollectionOfBagOfPrimitivesSerialization,,,,0
com.google.gson.functional.NullObjectAndFieldTest.testCustomSerializationOfNulls,,,,0
com.google.gson.functional.CircularReferenceTest.testSelfReferenceIgnoredInSerialization,,,,0
com.google.gson.functional.PrimitiveTest.testDoubleAsStringRepresentationDeserialization,,,,0
com.google.gson.functional.JavaUtilConcurrentAtomicTest.testAtomicLongArrayWithStringSerializationPolicy,,,,0
com.google.gson.stream.JsonReaderTest.testTopLevelValueTypeWithSkipValue,,,,0
com.google.gson.functional.PrimitiveTest.testDeserializeJsonArrayAsNumber,,,,0
com.google.gson.functional.ExclusionStrategyFunctionalTest.testExcludeTopLevelClassSerializationDoesNotImpactDeserialization,,,,0
com.google.gson.functional.DefaultTypeAdaptersTest.testUriDeserialization,,,,0
com.google.gson.stream.JsonReaderPathTest.testArrayOfObjects,,,,0
com.google.gson.functional.ParameterizedTypesTest.testParameterizedTypesWithCustomDeserializer,,,,0
com.google.gson.JavaSerializationTest.testMapIsSerializable,,,,0
com.google.gson.stream.JsonReaderTest.testSkipObject,,,,0
com.google.gson.functional.PrimitiveTest.testPrimitiveLongAutoboxedInASingleElementArraySerialization,,,,0
com.google.gson.functional.CustomTypeAdaptersTest.testCustomDeserializers,,,,0
com.google.gson.functional.ArrayTest.testArrayOfNullSerialization,,,,0
com.google.gson.functional.NullObjectAndFieldTest.testExplicitSerializationOfNullArrayMembers,,,,0
com.google.gson.functional.ParameterizedTypesTest.testVariableTypeFieldsAndGenericArraysDeserialization,,,,0
com.google.gson.JsonParserTest.testParseEmptyWhitespaceInput,,,,0
com.google.gson.internal.bind.JsonTreeWriterTest.testWriteAfterClose,,,,0
com.google.gson.DefaultDateTypeAdapterTest.testParsingDatesFormattedWithUsLocale,,,,0
com.google.gson.functional.ObjectTest.testNullFieldsDeserialization,,,,0
com.google.gson.functional.PrimitiveTest.testDoubleNaNSerialization,,,,0
com.google.gson.GsonTypeAdapterTest.testTypeAdapterProperlyConvertsTypes,,,,0
com.google.gson.functional.DefaultTypeAdaptersTest.testStringBuilderDeserialization,,,,0
com.google.gson.functional.ObjectTest.testNullArraysDeserialization,,,,0
com.google.gson.functional.ObjectTest.testNullPrimitiveFieldsDeserialization,,,,0
com.google.gson.internal.LinkedTreeMapTest.testLargeSetOfRandomKeys,,,,0
com.google.gson.ParameterizedTypeTest.testNotEquals,,,,0
com.google.gson.ExposeAnnotationExclusionStrategyTest.testSkipNonAnnotatedFields,,,,0
com.google.gson.stream.JsonReaderPathTest.testSkipObjectValues,,,,0
com.google.gson.functional.ArrayTest.testNullsInArrayDeserialization,,,,0
com.google.gson.functional.DefaultTypeAdaptersTest.testDefaultDateDeserializationUsingBuilder,,,,0
com.google.gson.functional.PrimitiveTest.testDeserializeJsonArrayAsDoublePrimitive,,,,0
com.google.gson.functional.EnumTest.testTopLevelEnumDeserialization,,,,0
com.google.gson.JsonParserTest.testParseReader,,,,0
com.google.gson.functional.PrimitiveTest.testDeserializeJsonArrayAsBooleanWrapper,,,,0
com.google.gson.functional.DefaultTypeAdaptersTest.testClassDeserialization,,,,0
com.google.gson.internal.LinkedHashTreeMapTest.testEqualsAndHashCode,,,,0
com.google.gson.JsonPrimitiveTest.testEqualsDoesNotEquateStringAndNonStringTypes,,,,0
com.google.gson.JsonPrimitiveTest.testIntegerEqualsLong,,,,0
com.google.gson.functional.RawSerializationTest.testParameterizedObject,,,,0
com.google.gson.functional.MapTest.testMapDeserializationWithIntegerKeys,,,,0
com.google.gson.functional.VersioningTest.testVersionedUntilSerialization,,,,0
com.google.gson.functional.EnumTest.testTopLevelEnumSerialization,,,,0
com.google.gson.functional.DefaultTypeAdaptersTest.testSetSerialization,,,,0
com.google.gson.stream.JsonReaderTest.testStringAsNumberWithDigitAndNonDigitExponent,,,,0
com.google.gson.functional.DefaultTypeAdaptersTest.testJsonObjectSerialization,,,,0
com.google.gson.functional.DefaultTypeAdaptersTest.testUriSerialization,,,,0
com.google.gson.CommentsTest.testParseComments,,,,0
com.google.gson.functional.CollectionTest.testVector,,,,0
com.google.gson.ParameterizedTypeTest.testOurTypeFunctionality,,,,0
com.google.gson.functional.ExposeFieldsTest.testExposedInterfaceFieldSerialization,,,,0
com.google.gson.DefaultDateTypeAdapterTest.testFormattingInFr,,,,0
com.google.gson.stream.JsonReaderTest.testStrictSingleQuotedNames,,,,0
com.google.gson.functional.JsonArrayTest.testNullPrimitiveAddition,,,,0
com.google.gson.functional.RawSerializationTest.testCollectionOfPrimitives,,,,0
com.google.gson.functional.CustomSerializerTest.testSerializerReturnsNull,,,,0
com.google.gson.functional.PrimitiveTest.testBigDecimalNaNDeserializationNotSupported,,,,0
com.google.gson.JsonNullTest.testEqualsAndHashcode,,,,0
com.google.gson.functional.InheritanceTest.testBaseSerializedAsSub,,,,0
com.google.gson.stream.JsonReaderTest.testStrictNameValueSeparatorWithSkipValue,,,,0
com.google.gson.functional.DefaultTypeAdaptersTest.testOverrideBigIntegerTypeAdapter,,,,0
com.google.gson.ExposeAnnotationExclusionStrategyTest.testSkipExplicitlySkippedFields,,,,0
com.google.gson.JsonParserTest.testReadWriteTwoObjects,,,,0
com.google.gson.functional.CollectionTest.testCollectionOfStringsDeserialization,,,,0
com.google.gson.functional.JsonAdapterAnnotationOnFieldsTest.testFieldAnnotationTakesPrecedenceOverClassAnnotation,,,,0
com.google.gson.functional.ObjectTest.testClassWithObjectFieldSerialization,,,,0
com.google.gson.GsonTypeAdapterTest.testDefaultTypeAdapterThrowsParseException,,,,0
com.google.gson.functional.JavaUtilConcurrentAtomicTest.testAtomicLongArray,,,,0
com.google.gson.stream.JsonWriterTest.testArraysInObjects,,,,0
com.google.gson.stream.JsonReaderTest.testStrictSingleQuotedNamesWithSkipValue,,,,0
com.google.gson.functional.ArrayTest.testInvalidArrayDeserialization,,,,0
com.google.gson.internal.bind.JsonElementReaderTest.testWrongType,,,,0
com.google.gson.functional.MoreSpecificTypeSerializationTest.testMapOfParameterizedSubclassFields,,,,0
com.google.gson.functional.MapTest.testConcurrentHashMap,,,,0
com.google.gson.functional.SecurityTest.testJsonWithNonExectuableTokenSerialization,,,,0
com.google.gson.functional.PrimitiveTest.testPrimitiveDoubleAutoboxedInASingleElementArraySerialization,,,,0
com.google.gson.functional.CustomTypeAdaptersTest.testCustomNestedSerializers,,,,0
com.google.gson.stream.JsonReaderPathTest.testMultipleTopLevelValuesInOneDocument,,,,0
com.google.gson.functional.NullObjectAndFieldTest.testPrintPrintingObjectWithNulls,,,,0
com.google.gson.functional.ConcurrencyTest.testMultiThreadSerialization,,,,0
com.google.gson.stream.JsonReaderTest.testStrictUnquotedStrings,,,,0
com.google.gson.functional.ThrowableFunctionalTest.testErrorWithoutCause,,,,0
com.google.gson.functional.MapTest.testDeerializeMapOfMaps,,,,0
com.google.gson.functional.DefaultTypeAdaptersTest.testUrlDeserialization,,,,0
com.google.gson.internal.GsonTypesTest.testGetFirstTypeArgument,,,,0
com.google.gson.functional.PrimitiveTest.testDeserializeJsonObjectAsInteger,,,,0
com.google.gson.stream.JsonWriterTest.testObjectsInArrays,,,,0
com.google.gson.functional.CollectionTest.testRawCollectionOfBagOfPrimitivesNotAllowed,,,,0
com.google.gson.functional.FieldExclusionTest.testInnerClassExclusion,,,,0
com.google.gson.functional.SerializedNameTest.testMultipleNamesDeserializedCorrectly,,,,0
com.google.gson.functional.VersioningTest.testVersionedUntilDeserialization,,,,0
com.google.gson.functional.MapTest.testMapSerializationWithNullValues,,,,0
com.google.gson.functional.TypeAdapterPrecedenceTest.testNonstreamingFollowedByNonstreaming,,,,0
com.google.gson.internal.LinkedHashTreeMapTest.testContainsNullKeyIsAlwaysFalse,,,,0
com.google.gson.functional.ObjectTest.testArrayOfObjectsSerialization,,,,0
com.google.gson.internal.LinkedHashTreeMapTest.testPutOverrides,,,,0
com.google.gson.stream.JsonReaderTest.testNextFailuresDoNotAdvance,,,,0
com.google.gson.functional.DefaultTypeAdaptersTest.testDateSerializationWithPatternNotOverridenByTypeAdapter,,,,0
com.google.gson.functional.NullObjectAndFieldTest.testAbsentJsonElementsAreSetToNull,,,,0
com.google.gson.stream.JsonReaderTest.testVeryLongUnterminatedString,,,,0
com.google.gson.internal.LinkedHashTreeMapTest.testDoubleCapacity,,,,0
com.google.gson.functional.NamingPolicyTest.testGsonWithLowerCaseUnderscorePolicyDeserialiation,,,,0
com.google.gson.functional.PrimitiveTest.testHtmlCharacterSerialization,,,,0
com.google.gson.MixedStreamTest.testWriteLenient,,,,0
com.google.gson.stream.JsonReaderTest.testLenientExtraCommasInMaps,,,,0
com.google.gson.JsonPrimitiveTest.testByteEqualsLong,,,,0
com.google.gson.functional.NamingPolicyTest.testGsonDuplicateNameUsingSerializedNameFieldNamingPolicySerialization,,,,0
com.google.gson.stream.JsonReaderTest.testReadArray,,,,0
com.google.gson.internal.LinkedHashTreeMapTest.testIterationOrder,,,,0
com.google.gson.functional.JsonAdapterAnnotationOnClassesTest.testJsonAdapterFactoryInvoked,,,,0
com.google.gson.stream.JsonReaderTest.testEmptyString,,,,0
com.google.gson.functional.JsonAdapterAnnotationOnFieldsTest.testClassAnnotationAdapterTakesPrecedenceOverDefault,,,,0
com.google.gson.JsonPrimitiveTest.testByteEqualsInteger,,,,0
com.google.gson.functional.PrimitiveTest.testBigDecimalInASingleElementArraySerialization,,,,0
com.google.gson.functional.MapTest.testMapSerialization,,,,0
com.google.gson.functional.PrimitiveTest.testDeserializingBigIntegerAsInteger,,,,0
com.google.gson.functional.UncategorizedTest.testReturningDerivedClassesDuringDeserialization,,,,0
com.google.gson.functional.ArrayTest.testSingleStringArraySerialization,,,,0
com.google.gson.functional.CustomDeserializerTest.testCustomDeserializerReturnsNullForArrayElements,,,,0
com.google.gson.FieldAttributesTest.testModifiers,,,,0
com.google.gson.internal.bind.JsonElementReaderTest.testObject,,,,0
com.google.gson.functional.PrimitiveTest.testByteDeserialization,,,,0
com.google.gson.stream.JsonWriterTest.testMultipleTopLevelValues,,,,0
com.google.gson.functional.JavaUtilTest.testCurrency,,,,0
com.google.gson.stream.JsonReaderTest.testStrictSingleQuotedStrings,,,,0
com.google.gson.functional.DefaultTypeAdaptersTest.testBitSetDeserialization,,,,0
com.google.gson.stream.JsonReaderTest.testDocumentWithCommentEndingInSlash,,,,0
com.google.gson.stream.JsonReaderTest.testQuotedNumberWithEscape,,,,0
com.google.gson.functional.TypeAdapterPrecedenceTest.testStreamingFollowedByNonstreamingHierarchical,,,,0
com.google.gson.stream.JsonWriterTest.testLenientWriterPermitsMultipleTopLevelValues,,,,0
com.google.gson.stream.JsonReaderTest.testStrictQuotedNonFiniteDoubles,,,,0
com.google.gson.stream.JsonReaderTest.testFailWithPositionDeepPath,,,,0
com.google.gson.stream.JsonReaderTest.testLenientSingleQuotedNames,,,,0
com.google.gson.functional.UncategorizedTest.testObjectEqualButNotSameSerialization,,,,0
com.google.gson.functional.DefaultTypeAdaptersTest.testDefaultJavaSqlTimestampSerialization,,,,0
com.google.gson.functional.PrimitiveTest.testDeserializeJsonObjectAsBooleanPrimitive,,,,0
com.google.gson.functional.ArrayTest.testNullsInArrayWithSerializeNullPropertySetSerialization,,,,0
com.google.gson.functional.MapTest.testNumberKeyDeserialization,,,,0
com.google.gson.functional.PrimitiveTest.testLongAsStringDeserialization,,,,0
com.google.gson.stream.JsonReaderTest.testLenientQuotedNonFiniteDoubles,,,,0
com.google.gson.functional.ArrayTest.testArrayOfPrimitivesAsObjectsSerialization,,,,0
com.google.gson.functional.CollectionTest.testFieldIsArrayList,,,,0
com.google.gson.functional.ExposeFieldsTest.testArrayWithOneNullExposeFieldObjectSerialization,,,,0
com.google.gson.functional.VersioningTest.testVersionedClassesDeserialization,,,,0
com.google.gson.functional.PrimitiveTest.testBigIntegerSerialization,,,,0
com.google.gson.functional.DefaultTypeAdaptersTest.testDateDeserializationWithPattern,,,,0
com.google.gson.JsonParserTest.testParseUnquotedSingleWordStringFails,,,,0
com.google.gson.DefaultDateTypeAdapterTest.testDatePattern,,,,0
com.google.gson.stream.JsonReaderTest.testFailWithPositionIsOffsetByBom,,,,0
com.google.gson.functional.StreamingTypeAdaptersTest.testDeserializeWithCustomTypeAdapter,,,,0
com.google.gson.functional.StreamingTypeAdaptersTest.testSerializeNullField,,,,0
com.google.gson.JsonArrayTest.testDeepCopy,,,,0
com.google.gson.stream.JsonReaderTest.testStrictSemicolonDelimitedArrayWithSkipValue,,,,0
com.google.gson.functional.VersioningTest.testVersionedGsonWithUnversionedClassesSerialization,,,,0
com.google.gson.functional.ArrayTest.testMultidimenstionalArraysSerialization,,,,0
com.google.gson.functional.PrimitiveTest.testDoubleInfinityDeserialization,,,,0
com.google.gson.functional.MapTest.testMapSerializationWithNullValue,,,,0
com.google.gson.functional.RawSerializationTest.testCollectionOfObjects,,,,0
com.google.gson.VersionExclusionStrategyTest.testClassAndFieldAreBehindInVersion,,,,0
