Method,Used Classes
org.apache.commons.cli.DefaultParserTest.testReuseOptionsTwice,
org.apache.commons.cli.BugsTest.test11456,"Options, CommandLineParser, PosixParser, OptionBuilder, GnuParser, BugsTest, CommandLine"
org.apache.commons.cli.GnuParserTest.testPropertyOptionSingularValue,
org.apache.commons.cli.BasicParserTest.testUnlimitedArgs,
org.apache.commons.cli.BasicParserTest.testSingleDash,
org.apache.commons.cli.PosixParserTest.testUnambiguousPartialLongOption3,
org.apache.commons.cli.BasicParserTest.testPropertyOptionGroup,
org.apache.commons.cli.PatternOptionBuilderTest.testEmptyPattern,"Collection, PatternOptionBuilderTest, Options, PatternOptionBuilder"
org.apache.commons.cli.DefaultParserTest.testAmbiguousPartialLongOption4,
org.apache.commons.cli.DefaultParserTest.testOptionAndRequiredOption,
org.apache.commons.cli.PosixParserTest.testLongWithoutEqualDoubleDash,
org.apache.commons.cli.bug.BugCLI71Test.testMistakenArgument,"BugCLI71Test, CommandLineParser, CommandLine"
org.apache.commons.cli.HelpFormatterTest.testPrintRequiredOptionGroupUsage,"Options, PrintWriter, OptionBuilder, OptionGroup, HelpFormatterTest, StringWriter, HelpFormatter, StringBuffer"
org.apache.commons.cli.DefaultParserTest.testPropertiesOption2,
org.apache.commons.cli.DefaultParserTest.testMissingRequiredOption,
org.apache.commons.cli.ValuesTest.testCharSeparator,"ValuesTest, CommandLine"
org.apache.commons.cli.DefaultParserTest.testUnrecognizedOption,
org.apache.commons.cli.ValueTest.testLongOptionalArgValues,"Parser, CommandLine, PosixParser, ValueTest"
org.apache.commons.cli.DefaultParserTest.testPropertyOptionMultipleValues,
org.apache.commons.cli.GnuParserTest.testPropertyOverrideValues,
org.apache.commons.cli.PosixParserTest.testBursting,
org.apache.commons.cli.PosixParserTest.testOptionAndRequiredOption,
org.apache.commons.cli.PosixParserTest.testUnambiguousPartialLongOption2,
org.apache.commons.cli.GnuParserTest.testUnrecognizedOption,
org.apache.commons.cli.BugsTest.test11457,"Options, CommandLineParser, PosixParser, OptionBuilder, BugsTest, CommandLine"
org.apache.commons.cli.BasicParserTest.testUnrecognizedOption,
org.apache.commons.cli.OptionBuilderTest.testCreateIncompleteOption,"OptionBuilderTest, OptionBuilder"
org.apache.commons.cli.OptionsTest.testGetMatchingOpts,"List, OptionsTest, OptionBuilder, Options"
org.apache.commons.cli.BasicParserTest.testNegativeArgument,
org.apache.commons.cli.HelpFormatterTest.testRtrim,"HelpFormatterTest, HelpFormatter"
org.apache.commons.cli.HelpFormatterTest.testHelpWithLongOptSeparator,"Options, PrintWriter, OptionBuilder, HelpFormatterTest, StringWriter, HelpFormatter, StringBuffer"
org.apache.commons.cli.OptionGroupTest.testValidLongOnlyOptions,"OptionGroupTest, Parser, CommandLine"
org.apache.commons.cli.BugsTest.test11680,"Options, CommandLineParser, PosixParser, BugsTest, CommandLine"
org.apache.commons.cli.GnuParserTest.testPropertyOptionUnexpected,
org.apache.commons.cli.GnuParserTest.testOptionGroup,
org.apache.commons.cli.OptionTest.testSubclass,"NoClassDefFoundError, OptionTest$DefaultOption, Object, Option, Class, OptionTest"
org.apache.commons.cli.DefaultParserTest.testMissingRequiredOptions,
org.apache.commons.cli.PosixParserTest.testStopAtUnexpectedArg,
org.apache.commons.cli.DefaultParserTest.testPropertiesOption1,
org.apache.commons.cli.BasicParserTest.testMultiple,
org.apache.commons.cli.DefaultParserTest.testShortWithoutEqual,
org.apache.commons.cli.DefaultParserTest.testStopAtNonOptionShort,
org.apache.commons.cli.ValueTest.testShortWithArg,"CommandLine, ValueTest"
org.apache.commons.cli.OptionsTest.testDuplicateSimple,"OptionsTest, Option, Options"
org.apache.commons.cli.ValueTest.testLongOptionalArgValue,"Parser, CommandLine, PosixParser, ValueTest"
org.apache.commons.cli.DefaultParserTest.testShortWithUnexpectedArgument,
org.apache.commons.cli.PosixParserTest.testLongWithoutEqualSingleDash,
org.apache.commons.cli.OptionTest.testClear,"Option, OptionTest, List, OptionTest$TestOption"
org.apache.commons.cli.PosixParserTest.testUnambiguousPartialLongOption1,
org.apache.commons.cli.ValuesTest.testMultipleArgValues,"ValuesTest, CommandLine"
org.apache.commons.cli.PatternOptionBuilderTest.testRequiredOption,"PatternOptionBuilder, CommandLineParser, PosixParser, MissingOptionException, PatternOptionBuilderTest, List"
org.apache.commons.cli.DefaultParserTest.testPropertyOptionRequired,
org.apache.commons.cli.HelpFormatterTest.testPrintSortedUsageWithNullComparator,"Option, Options, PrintWriter, HelpFormatterTest, StringWriter, HelpFormatter, StringBuffer"
org.apache.commons.cli.bug.BugCLI133Test.testOrder,"Option, Options, PosixParser, CommandLine, BugCLI133Test"
org.apache.commons.cli.PosixParserTest.testPropertyOptionUnexpected,
org.apache.commons.cli.ValuesTest.testComplexValues,"ValuesTest, CommandLine"
org.apache.commons.cli.BasicParserTest.testPropertyOptionSingularValue,
org.apache.commons.cli.PosixParserTest.testDoubleDash2,
org.apache.commons.cli.DefaultParserTest.testAmbiguousPartialLongOption2,
org.apache.commons.cli.HelpFormatterTest.testPrintOptions,"String, Options, HelpFormatterTest, HelpFormatter, StringBuffer"
org.apache.commons.cli.DefaultParserTest.testStopAtNonOptionLong,
org.apache.commons.cli.OptionTest.testClone,"Option, OptionTest, List, OptionTest$TestOption"
org.apache.commons.cli.PosixParserTest.testUnambiguousPartialLongOption4,
org.apache.commons.cli.DefaultParserTest.testAmbiguousPartialLongOption3,
org.apache.commons.cli.OptionsTest.testMissingOptionException,"Options, PosixParser, OptionBuilder, OptionsTest, MissingOptionException"
org.apache.commons.cli.GnuParserTest.testUnrecognizedOptionWithBursting,
org.apache.commons.cli.OptionBuilderTest.testIllegalOptions,"OptionBuilderTest, OptionBuilder"
org.apache.commons.cli.CommandLineTest.testGetOptions,"CommandLineTest, CommandLine, Option"
org.apache.commons.cli.PosixParserTest.testMissingArg,
org.apache.commons.cli.PosixParserTest.testStopBursting2,
org.apache.commons.cli.GnuParserTest.testStopAtNonOptionLong,
org.apache.commons.cli.PosixParserTest.testShortWithEqual,
org.apache.commons.cli.PosixParserTest.testDoubleDash1,
org.apache.commons.cli.OptionGroupTest.testTwoOptionsFromGroupWithProperties,"OptionGroupTest, Properties, CommandLine, Parser"
org.apache.commons.cli.PosixParserTest.testMissingRequiredGroup,
org.apache.commons.cli.GnuParserTest.testStopBursting2,
org.apache.commons.cli.BasicParserTest.testStopAtExpectedArg,
org.apache.commons.cli.DefaultParserTest.testAmbiguousPartialLongOption1,
org.apache.commons.cli.BugsTest.test12210,"Option, Options, OptionGroup, GnuParser, BugsTest, CommandLine"
org.apache.commons.cli.GnuParserTest.testMissingArg,
org.apache.commons.cli.PosixParserTest.testPartialLongOptionSingleDash,
org.apache.commons.cli.PosixParserTest.testNegativeOption,
org.apache.commons.cli.DefaultParserTest.testPropertyOptionGroup,
org.apache.commons.cli.BasicParserTest.testUnrecognizedOptionWithBursting,
org.apache.commons.cli.ValueTest.testShortOptionalArgNoValue,"Parser, CommandLine, PosixParser, ValueTest"
org.apache.commons.cli.DefaultParserTest.testUnambiguousPartialLongOption4,
org.apache.commons.cli.BasicParserTest.testShortWithEqual,
org.apache.commons.cli.HelpFormatterTest.testOptionWithoutShortFormat2,"Option, Options, PrintWriter, System, OptionBuilder, HelpFormatterTest, StringWriter, HelpFormatter, StringBuffer"
org.apache.commons.cli.PosixParserTest.testPropertyOptionSingularValue,
org.apache.commons.cli.BasicParserTest.testMissingArg,
org.apache.commons.cli.GnuParserTest.testDoubleDash2,
org.apache.commons.cli.DefaultParserTest.testBursting,
org.apache.commons.cli.DefaultParserTest.testPropertyOverrideValues,
org.apache.commons.cli.PosixParserTest.testPropertiesOption1,
org.apache.commons.cli.OptionGroupTest.testNoOptionsExtraArgs,"OptionGroupTest, Parser, CommandLine, List"
org.apache.commons.cli.ArgumentIsOptionTest.testOptionWithArgument,"CommandLineParser, ArgumentIsOptionTest, CommandLine, String"
org.apache.commons.cli.PosixParserTest.testShortWithoutEqual,
org.apache.commons.cli.BugsTest.test13425,"Options, PosixParser, OptionBuilder, BugsTest, Parser"
org.apache.commons.cli.OptionBuilderTest.testBuilderIsResettedAlways,"Option, OptionBuilderTest, OptionBuilder"
org.apache.commons.cli.GnuParserTest.testMultipleWithLong,
org.apache.commons.cli.GnuParserTest.testLongWithoutEqualDoubleDash,
org.apache.commons.cli.GnuParserTest.testStopBursting,
org.apache.commons.cli.GnuParserTest.testPropertiesOption2,
org.apache.commons.cli.bug.BugCLI71Test.testLackOfError,"BugCLI71Test, CommandLineParser, MissingArgumentException, Option"
org.apache.commons.cli.OptionBuilderTest.testSpecialOptChars,"Option, OptionBuilderTest, OptionBuilder"
org.apache.commons.cli.OptionBuilderTest.testBaseOptionStringOpt,"Option, OptionBuilderTest, OptionBuilder"
org.apache.commons.cli.DefaultParserTest.testAmbiguousLongWithoutEqualSingleDash,
org.apache.commons.cli.GnuParserTest.testAmbiguousLongWithoutEqualSingleDash,
org.apache.commons.cli.OptionBuilderTest.testCompleteOption,"OptionBuilderTest, Object, Option, OptionBuilder, NoClassDefFoundError, Float, Class"
org.apache.commons.cli.BasicParserTest.testSimpleShort,
org.apache.commons.cli.BasicParserTest.testNegativeOption,
org.apache.commons.cli.DefaultParserTest.testSimpleLong,
org.apache.commons.cli.GnuParserTest.testReuseOptionsTwice,
org.apache.commons.cli.BasicParserTest.testArgumentStartingWithHyphen,
org.apache.commons.cli.PosixParserTest.testReuseOptionsTwice,
org.apache.commons.cli.GnuParserTest.testPropertyOptionRequired,
org.apache.commons.cli.BugsTest.test27635,
org.apache.commons.cli.ArgumentIsOptionTest.testOption,"CommandLineParser, ArgumentIsOptionTest, CommandLine"
org.apache.commons.cli.GnuParserTest.testDoubleDash1,
org.apache.commons.cli.DefaultParserTest.testUnlimitedArgs,
org.apache.commons.cli.bug.BugCLI162Test.testInfiniteLoop,"BugCLI162Test, Options, HelpFormatter"
org.apache.commons.cli.ValueTest.testShortOptionalArgValue,"Parser, CommandLine, PosixParser, ValueTest"
org.apache.commons.cli.PosixParserTest.testPropertiesOption2,
org.apache.commons.cli.HelpFormatterTest.testPrintSortedUsage,"HelpFormatterTest$1, Object, Option, Options, String, PrintWriter, HelpFormatterTest, StringWriter, HelpFormatter, StringBuffer"
org.apache.commons.cli.PosixParserTest.testPropertyOptionFlags,
org.apache.commons.cli.GnuParserTest.testLongWithoutEqualSingleDash,
org.apache.commons.cli.GnuParserTest.testPropertyOptionGroup,
org.apache.commons.cli.GnuParserTest.testShortWithoutEqual,
org.apache.commons.cli.ValuesTest.testExtraArgs,"ValuesTest, CommandLine"
org.apache.commons.cli.BasicParserTest.testPartialLongOptionSingleDash,
org.apache.commons.cli.OptionsTest.testGetOptionsGroups,"Options, OptionBuilder, Collection, OptionGroup, OptionsTest"
org.apache.commons.cli.GnuParserTest.testPropertiesOption1,
org.apache.commons.cli.HelpFormatterTest.testPrintWrapped,"HelpFormatterTest, StringBuffer, HelpFormatter"
org.apache.commons.cli.GnuParserTest.testMissingRequiredOptions,
org.apache.commons.cli.bug.BugCLI71Test.testGetsDefaultIfOptional,"Option, Options, CommandLineParser, BugCLI71Test, CommandLine"
org.apache.commons.cli.GnuParserTest.testBursting,
org.apache.commons.cli.PosixParserTest.testMissingArgWithBursting,
org.apache.commons.cli.DefaultParserTest.testMissingRequiredGroup,
org.apache.commons.cli.ApplicationTest.testMan,"ApplicationTest, Options, HelpFormatter"
org.apache.commons.cli.DefaultParserTest.testUnambiguousPartialLongOption2,
org.apache.commons.cli.HelpFormatterTest.testAutomaticUsage,"String, Options, ByteArrayOutputStream, PrintWriter, HelpFormatterTest, HelpFormatter"
org.apache.commons.cli.DefaultParserTest.testArgumentStartingWithHyphen,
org.apache.commons.cli.PosixParserTest.testOptionGroupLong,
org.apache.commons.cli.BasicParserTest.testMissingArgWithBursting,
org.apache.commons.cli.DefaultParserTest.testUnrecognizedOptionWithBursting,
org.apache.commons.cli.OptionBuilderTest.testOptionArgNumbers,"Option, OptionBuilderTest, OptionBuilder"
org.apache.commons.cli.OptionBuilderTest.testBaseOptionCharOpt,"Option, OptionBuilderTest, OptionBuilder"
org.apache.commons.cli.BasicParserTest.testStopAtNonOptionLong,
org.apache.commons.cli.ValuesTest.testShortArgs,"ValuesTest, CommandLine"
org.apache.commons.cli.BugsTest.test15046,"Option, Options, CommandLineParser, PosixParser, BugsTest, CommandLine"
org.apache.commons.cli.GnuParserTest.testOptionAndRequiredOption,
org.apache.commons.cli.HelpFormatterTest.testFindWrapPos,"HelpFormatterTest, HelpFormatter"
org.apache.commons.cli.PosixParserTest.testUnrecognizedOption,
org.apache.commons.cli.OptionTest.testGetValue,"OptionTest, Option"
org.apache.commons.cli.DefaultParserTest.testNegativeArgument,
org.apache.commons.cli.bug.BugCLI148Test.testWorkaround2,"CommandLineParser, CommandLine, PosixParser, BugCLI148Test"
org.apache.commons.cli.ValueTest.testLongNoArg,"CommandLine, ValueTest"
org.apache.commons.cli.HelpFormatterTest.testPrintHelpWithEmptySyntax,"HelpFormatterTest, Options, HelpFormatter"
org.apache.commons.cli.OptionGroupTest.testSingleLongOption,"OptionGroupTest, Parser, CommandLine, List"
org.apache.commons.cli.DefaultParserTest.testLongWithUnexpectedArgument2,
org.apache.commons.cli.DefaultParserTest.testUnambiguousPartialLongOption3,
org.apache.commons.cli.DefaultParserTest.testUnambiguousPartialLongOption1,
org.apache.commons.cli.UtilTest.testStripLeadingAndTrailingQuotes,"UtilTest, Util"
org.apache.commons.cli.BasicParserTest.testOptionAndRequiredOption,
org.apache.commons.cli.PosixParserTest.testOptionGroup,
org.apache.commons.cli.PosixParserTest.testSingleDash,
org.apache.commons.cli.DefaultParserTest.testSimpleShort,
org.apache.commons.cli.PosixParserTest.testStopAtNonOptionShort,
org.apache.commons.cli.BasicParserTest.testMissingRequiredOption,
org.apache.commons.cli.HelpFormatterTest.testUsageWithLongOptSeparator,"String, Options, PrintWriter, OptionBuilder, HelpFormatterTest, StringWriter, HelpFormatter"
org.apache.commons.cli.OptionsTest.testMissingOptionsException,"Options, PosixParser, OptionBuilder, OptionsTest, MissingOptionException"
org.apache.commons.cli.BasicParserTest.testStopBursting,
org.apache.commons.cli.GnuParserTest.testPartialLongOptionSingleDash,
org.apache.commons.cli.GnuParserTest.testSingleDash,
org.apache.commons.cli.bug.BugCLI148Test.testWorkaround1,"CommandLineParser, CommandLine, PosixParser, BugCLI148Test"
org.apache.commons.cli.DefaultParserTest.testLongWithUnexpectedArgument1,
org.apache.commons.cli.ValueTest.testLongOptionalNoValue,"Parser, CommandLine, PosixParser, ValueTest"
org.apache.commons.cli.PosixParserTest.testMultipleWithLong,
org.apache.commons.cli.BasicParserTest.testPropertiesOption2,
org.apache.commons.cli.ApplicationTest.testAnt,"Options, ApplicationTest, CommandLineParser, OptionBuilder, GnuParser, CommandLine"
org.apache.commons.cli.DefaultParserTest.testPropertyOptionSingularValue,
org.apache.commons.cli.BasicParserTest.testAmbiguousPartialLongOption2,
org.apache.commons.cli.DefaultParserTest.testNegativeOption,
org.apache.commons.cli.GnuParserTest.testAmbiguousPartialLongOption4,
org.apache.commons.cli.DefaultParserTest.testOptionGroupLong,
org.apache.commons.cli.BasicParserTest.testSimpleLong,
org.apache.commons.cli.HelpFormatterTest.testOptionWithoutShortFormat,"Option, Options, PrintWriter, HelpFormatterTest, StringWriter, HelpFormatter, StringBuffer"
org.apache.commons.cli.BasicParserTest.testReuseOptionsTwice,
org.apache.commons.cli.PosixParserTest.testPropertyOptionRequired,
org.apache.commons.cli.UtilTest.testStripLeadingHyphens,"UtilTest, Util"
org.apache.commons.cli.HelpFormatterTest.testPrintUsage,"Option, ByteArrayOutputStream, Options, PrintWriter, HelpFormatterTest, HelpFormatter, StringBuffer"
org.apache.commons.cli.GnuParserTest.testMissingArgWithBursting,
org.apache.commons.cli.DefaultParserTest.testMissingArg,
org.apache.commons.cli.PosixParserTest.testMissingRequiredOptions,
org.apache.commons.cli.bug.BugCLI162Test.testLongLineChunking,"Object, Options, PrintWriter, BugCLI162Test, StringWriter, HelpFormatter, Class, StringBuffer"
org.apache.commons.cli.HelpFormatterTest.testAccessors,"HelpFormatterTest, HelpFormatter"
org.apache.commons.cli.DefaultParserTest.testMultiple,
org.apache.commons.cli.BasicParserTest.testMissingRequiredGroup,
org.apache.commons.cli.BasicParserTest.testAmbiguousPartialLongOption3,
org.apache.commons.cli.DefaultParserTest.testShortWithEqual,
org.apache.commons.cli.OptionsTest.testHelpOptions,"ArrayList, Options, OptionBuilder, Collection, OptionsTest"
org.apache.commons.cli.DefaultParserTest.testMultipleWithLong,
org.apache.commons.cli.OptionGroupTest.testToString,"Option, OptionGroupTest, String, OptionGroup"
org.apache.commons.cli.PatternOptionBuilderTest.testObjectPattern,"PatternOptionBuilder, CommandLineParser, PosixParser, PatternOptionBuilderTest, CommandLine"
org.apache.commons.cli.BasicParserTest.testShortWithoutEqual,
org.apache.commons.cli.BasicParserTest.testPropertiesOption1,
org.apache.commons.cli.GnuParserTest.testMultiple,
org.apache.commons.cli.BugsTest.test14786,"Options, CommandLineParser, OptionBuilder, GnuParser, BugsTest, CommandLine"
org.apache.commons.cli.BasicParserTest.testAmbiguousPartialLongOption1,
org.apache.commons.cli.PosixParserTest.testArgumentStartingWithHyphen,
org.apache.commons.cli.GnuParserTest.testNegativeOption,
org.apache.commons.cli.ValueTest.testLongWithArg,"CommandLine, ValueTest"
org.apache.commons.cli.BasicParserTest.testOptionGroup,
org.apache.commons.cli.ValueTest.testShortOptionalNArgValues,"Parser, CommandLine, PosixParser, ValueTest"
org.apache.commons.cli.OptionsTest.testSimple,"OptionsTest, Options"
org.apache.commons.cli.GnuParserTest.testShortWithUnexpectedArgument,
org.apache.commons.cli.BasicParserTest.testOptionGroupLong,
org.apache.commons.cli.OptionGroupTest.testSingleOptionFromGroup,"OptionGroupTest, Parser, CommandLine, List"
org.apache.commons.cli.GnuParserTest.testShortWithEqual,
org.apache.commons.cli.OptionsTest.testDuplicateLong,"OptionsTest, Option, Options"
org.apache.commons.cli.bug.BugCLI162Test.testLongLineChunkingIndentIgnored,"Object, Options, PrintStream, PrintWriter, BugCLI162Test, StringWriter, HelpFormatter, Class, StringBuffer"
org.apache.commons.cli.DefaultParserTest.testStopBursting2,
org.apache.commons.cli.PosixParserTest.testNegativeArgument,
org.apache.commons.cli.ApplicationTest.testGroovy,"ApplicationTest, Options, OptionBuilder, PosixParser, Parser, CommandLine"
org.apache.commons.cli.HelpFormatterTest.testPrintOptionGroupUsage,"Options, PrintWriter, OptionBuilder, OptionGroup, HelpFormatterTest, StringWriter, HelpFormatter, StringBuffer"
org.apache.commons.cli.PosixParserTest.testWithRequiredOption,
org.apache.commons.cli.OptionGroupTest.testTwoOptionsFromGroup,"AlreadySelectedException, OptionGroupTest, Option, OptionGroup, Parser"
org.apache.commons.cli.ValueTest.testShortNoArg,"CommandLine, ValueTest"
org.apache.commons.cli.PosixParserTest.testPropertyOptionGroup,
org.apache.commons.cli.GnuParserTest.testPropertyOptionFlags,
org.apache.commons.cli.bug.BugCLI13Test.testCLI13,"Options, OptionBuilder, PosixParser, BugCLI13Test, CommandLine"
org.apache.commons.cli.BugsTest.test15648,"Options, CommandLineParser, OptionBuilder, PosixParser, BugsTest, CommandLine"
org.apache.commons.cli.GnuParserTest.testOptionGroupLong,
org.apache.commons.cli.GnuParserTest.testMissingRequiredOption,
org.apache.commons.cli.GnuParserTest.testAmbiguousPartialLongOption2,
org.apache.commons.cli.OptionGroupTest.testTwoOptionsFromDifferentGroup,"OptionGroupTest, Parser, CommandLine, List"
org.apache.commons.cli.BasicParserTest.testAmbiguousPartialLongOption4,
org.apache.commons.cli.GnuParserTest.testMissingRequiredGroup,
org.apache.commons.cli.HelpFormatterTest.testPrintOptionWithEmptyArgNameUsage,"Option, Options, PrintWriter, HelpFormatterTest, StringWriter, HelpFormatter, StringBuffer"
org.apache.commons.cli.PosixParserTest.testLongWithEqualDoubleDash,
org.apache.commons.cli.BasicParserTest.testPropertyOptionUnexpected,
org.apache.commons.cli.OptionGroupTest.testGetNames,"OptionGroupTest, OptionBuilder, OptionGroup, Collection"
org.apache.commons.cli.DefaultParserTest.testLongWithEqualDoubleDash,
org.apache.commons.cli.GnuParserTest.testNegativeArgument,
org.apache.commons.cli.DefaultParserTest.testOptionGroup,
org.apache.commons.cli.PosixParserTest.testSimpleShort,
org.apache.commons.cli.OptionsTest.testLong,"OptionsTest, Options"
org.apache.commons.cli.GnuParserTest.testAmbiguousPartialLongOption3,
org.apache.commons.cli.PosixParserTest.testLongWithUnexpectedArgument2,
org.apache.commons.cli.BasicParserTest.testMissingRequiredOptions,
org.apache.commons.cli.BasicParserTest.testStopAtUnexpectedArg,
org.apache.commons.cli.GnuParserTest.testAmbiguousPartialLongOption1,
org.apache.commons.cli.PatternOptionBuilderTest.testUntypedPattern,"PatternOptionBuilder, CommandLineParser, PosixParser, PatternOptionBuilderTest, CommandLine"
org.apache.commons.cli.DefaultParserTest.testStopAtExpectedArg,
org.apache.commons.cli.DefaultParserTest.testPropertyOptionFlags,
org.apache.commons.cli.ArgumentIsOptionTest.testOptionAndOptionWithArgument,"CommandLineParser, ArgumentIsOptionTest, CommandLine, String"
org.apache.commons.cli.DefaultParserTest.testLongWithEqualSingleDash,
org.apache.commons.cli.OptionGroupTest.testTwoValidOptions,"OptionGroupTest, Parser, CommandLine, List"
org.apache.commons.cli.PosixParserTest.testLongWithEqualSingleDash,
org.apache.commons.cli.GnuParserTest.testPropertyOptionMultipleValues,
org.apache.commons.cli.BasicParserTest.testShortWithUnexpectedArgument,
org.apache.commons.cli.ValuesTest.testShortArgsWithValue,"ValuesTest, CommandLine, String"
org.apache.commons.cli.BasicParserTest.testPropertyOptionRequired,
org.apache.commons.cli.OptionGroupTest.testTwoValidLongOptions,"OptionGroupTest, Parser, CommandLine, List"
org.apache.commons.cli.PosixParserTest.testLongWithUnexpectedArgument1,
org.apache.commons.cli.PosixParserTest.testAmbiguousLongWithoutEqualSingleDash,
org.apache.commons.cli.PatternOptionBuilderTest.testExistingFilePattern,"PatternOptionBuilder, CommandLineParser, PosixParser, File, PatternOptionBuilderTest, CommandLine"
org.apache.commons.cli.bug.BugCLI71Test.testBasic,"BugCLI71Test, CommandLineParser, CommandLine"
org.apache.commons.cli.BasicParserTest.testLongWithoutEqualDoubleDash,
org.apache.commons.cli.PosixParserTest.testAmbiguousPartialLongOption4,
org.apache.commons.cli.GnuParserTest.testLongWithEqualDoubleDash,
org.apache.commons.cli.PatternOptionBuilderTest.testSimplePattern,"URL, Double, PatternOptionBuilder, CommandLineParser, PosixParser, Vector, NoClassDefFoundError, File, Class, PatternOptionBuilderTest, CommandLine, Date"
org.apache.commons.cli.BasicParserTest.testLongWithEqualSingleDash,
org.apache.commons.cli.CommandLineTest.testGetOptionProperties,"CommandLineTest, Options, Properties, OptionBuilder, GnuParser, Parser, CommandLine, StringBuffer"
org.apache.commons.cli.HelpFormatterTest.testHeaderStartingWithLineSeparator,"Options, PrintWriter, HelpFormatterTest, StringWriter, HelpFormatter, StringBuffer"
org.apache.commons.cli.PatternOptionBuilderTest.testURLPattern,"URL, PatternOptionBuilder, CommandLineParser, PosixParser, PatternOptionBuilderTest, CommandLine"
org.apache.commons.cli.PosixParserTest.testMultiple,
org.apache.commons.cli.GnuParserTest.testUnambiguousPartialLongOption4,
org.apache.commons.cli.BasicParserTest.testDoubleDash2,
org.apache.commons.cli.DefaultParserTest.testMissingArgWithBursting,
org.apache.commons.cli.ValuesTest.testTwoArgValues,"ValuesTest, CommandLine"
org.apache.commons.cli.PosixParserTest.testStopAtNonOptionLong,
org.apache.commons.cli.GnuParserTest.testSimpleShort,
org.apache.commons.cli.DefaultParserTest.testSingleDash,
org.apache.commons.cli.bug.BugCLI18Test.testCLI18,"Option, Options, PrintWriter, BugCLI18Test, StringWriter, HelpFormatter"
org.apache.commons.cli.PosixParserTest.testMissingRequiredOption,
org.apache.commons.cli.BasicParserTest.testStopAtNonOptionShort,
org.apache.commons.cli.BasicParserTest.testUnambiguousPartialLongOption4,
org.apache.commons.cli.BasicParserTest.testLongWithUnexpectedArgument2,
org.apache.commons.cli.PosixParserTest.testPropertyOptionMultipleValues,
org.apache.commons.cli.BasicParserTest.testStopBursting2,
org.apache.commons.cli.PosixParserTest.testUnrecognizedOptionWithBursting,
org.apache.commons.cli.DefaultParserTest.testStopBursting,
org.apache.commons.cli.OptionBuilderTest.testTwoCompleteOptions,"OptionBuilderTest, Object, Option, OptionBuilder, NoClassDefFoundError, Float, Class"
org.apache.commons.cli.BasicParserTest.testDoubleDash1,
org.apache.commons.cli.OptionGroupTest.testTwoLongOptionsFromGroup,"AlreadySelectedException, OptionGroupTest, Option, OptionGroup, Parser"
org.apache.commons.cli.OptionTest.testHasArgs,"OptionTest, Option"
org.apache.commons.cli.ApplicationTest.testLs,"Options, ApplicationTest, CommandLineParser, OptionBuilder, PosixParser, CommandLine"
org.apache.commons.cli.BasicParserTest.testBursting,
org.apache.commons.cli.GnuParserTest.testArgumentStartingWithHyphen,
org.apache.commons.cli.BugsTest.test31148,"Option, Options, Properties, PosixParser, BugsTest, Parser, CommandLine"
org.apache.commons.cli.PosixParserTest.testShortWithUnexpectedArgument,
org.apache.commons.cli.BasicParserTest.testLongWithEqualDoubleDash,
org.apache.commons.cli.BugsTest.test13666,"ByteArrayOutputStream, Options, PrintStream, System, OptionBuilder, BugsTest, HelpFormatter, StringBuffer"
org.apache.commons.cli.GnuParserTest.testLongWithEqualSingleDash,
org.apache.commons.cli.PosixParserTest.testPropertyOverrideValues,
org.apache.commons.cli.BugsTest.test13935,"Object, Option, Options, CommandLineParser, PosixParser, OptionGroup, BugsTest, Class, ParseException, StringBuffer"
org.apache.commons.cli.BasicParserTest.testLongWithoutEqualSingleDash,
org.apache.commons.cli.BasicParserTest.testLongWithUnexpectedArgument1,
org.apache.commons.cli.PatternOptionBuilderTest.testNumberPattern,"Double, Object, PatternOptionBuilder, CommandLineParser, PosixParser, NoClassDefFoundError, Class, PatternOptionBuilderTest, Long, CommandLine"
org.apache.commons.cli.PosixParserTest.testAmbiguousPartialLongOption2,
org.apache.commons.cli.BasicParserTest.testUnambiguousPartialLongOption3,
org.apache.commons.cli.GnuParserTest.testStopAtNonOptionShort,
org.apache.commons.cli.DefaultParserTest.testPropertyOptionUnexpected,
org.apache.commons.cli.PosixParserTest.testStopAtExpectedArg,
org.apache.commons.cli.GnuParserTest.testStopAtUnexpectedArg,
org.apache.commons.cli.HelpFormatterTest.testDefaultArgName,"Options, PrintWriter, OptionBuilder, HelpFormatterTest, StringWriter, HelpFormatter, StringBuffer"
org.apache.commons.cli.GnuParserTest.testUnambiguousPartialLongOption2,
org.apache.commons.cli.BasicParserTest.testPropertyOverrideValues,
org.apache.commons.cli.OptionsTest.testToString,"OptionsTest, String, Options"
org.apache.commons.cli.PosixParserTest.testStopBursting,
org.apache.commons.cli.GnuParserTest.testUnambiguousPartialLongOption3,
org.apache.commons.cli.DefaultParserTest.testDoubleDash1,
org.apache.commons.cli.ValueTest.testShortOptionalArgValues,"Parser, CommandLine, PosixParser, ValueTest"
org.apache.commons.cli.OptionTest.testHasArgName,"OptionTest, Option"
org.apache.commons.cli.BasicParserTest.testUnambiguousPartialLongOption2,
org.apache.commons.cli.DefaultParserTest.testLongWithoutEqualSingleDash,
org.apache.commons.cli.OptionGroupTest.testSingleOption,"OptionGroupTest, Parser, CommandLine, List"
org.apache.commons.cli.BugsTest.test11458,"Option, Options, CommandLineParser, PosixParser, OptionBuilder, BugsTest, Iterator, CommandLine"
org.apache.commons.cli.GnuParserTest.testLongWithUnexpectedArgument2,
org.apache.commons.cli.PosixParserTest.testAmbiguousPartialLongOption3,
org.apache.commons.cli.PosixParserTest.testAmbiguousPartialLongOption1,
org.apache.commons.cli.BasicParserTest.testMultipleWithLong,
org.apache.commons.cli.DefaultParserTest.testStopAtUnexpectedArg,
org.apache.commons.cli.DefaultParserTest.testLongWithoutEqualDoubleDash,
org.apache.commons.cli.bug.BugCLI162Test.testPrintHelpLongLines,"Object, Option, Options, OptionGroup, NoClassDefFoundError, BugCLI162Test, Class, HelpFormatter, StringBuffer"
org.apache.commons.cli.PosixParserTest.testSimpleLong,
org.apache.commons.cli.BasicParserTest.testPropertyOptionFlags,
org.apache.commons.cli.GnuParserTest.testUnambiguousPartialLongOption1,
org.apache.commons.cli.ValueTest.testLongOptionalNArgValues,"Parser, CommandLine, PosixParser, ValueTest"
org.apache.commons.cli.DefaultParserTest.testPartialLongOptionSingleDash,
org.apache.commons.cli.GnuParserTest.testWithRequiredOption,
org.apache.commons.cli.DefaultParserTest.testDoubleDash2,
org.apache.commons.cli.BasicParserTest.testWithRequiredOption,
org.apache.commons.cli.ApplicationTest.testNLT,"Option, Options, ApplicationTest, CommandLineParser, PosixParser, OptionBuilder, CommandLine"
org.apache.commons.cli.GnuParserTest.testStopAtExpectedArg,
org.apache.commons.cli.PatternOptionBuilderTest.testClassPattern,"PatternOptionBuilder, CommandLineParser, PosixParser, NoClassDefFoundError, Class, PatternOptionBuilderTest, CommandLine"
org.apache.commons.cli.BasicParserTest.testUnambiguousPartialLongOption1,
org.apache.commons.cli.GnuParserTest.testSimpleLong,
org.apache.commons.cli.PosixParserTest.testUnlimitedArgs,
org.apache.commons.cli.BasicParserTest.testAmbiguousLongWithoutEqualSingleDash,
org.apache.commons.cli.GnuParserTest.testUnlimitedArgs,
org.apache.commons.cli.BasicParserTest.testPropertyOptionMultipleValues,
org.apache.commons.cli.GnuParserTest.testLongWithUnexpectedArgument1,
org.apache.commons.cli.DefaultParserTest.testWithRequiredOption,
